productId,sku,brandName,brandEnName,productName,price,originalPrice,discount,reducePrice,futurePrice,activityStock,stock,sellNum,limitNum,validStart,exchangePrice,hiddenPrice,specialSale,vipPrice,priceType
p15737102,C040404,湯姆福特,TOM FORD,TOM FORD 激情幻魅唇膏 【黑管啞光質地】3GM/.1OZ 07 RUBY RUSH【有效期至：2026年12月31日】,147,490.0,3.0,343.0,,5,5,8,0,2026-07-01 00:00:00,136.99,,False,0.0,3
p15741655,C008265,巴黎歐萊雅,L'OREAL PARIS,L'OREAL 歐萊雅金致臻顏套裝 （日霜50ml+晚霜50ml+眼霜15ml）【有效期至：2027年1月】,203,675.0,3.0,472.0,,6,6,27,0,2026-07-01 00:00:00,189.18,,False,0.0,3
p15858307,E1654916,寶麗萊,Polaroid,POLAROID寶麗萊太陽鏡20733040G65Z7,355,930.0,3.8,575.0,,1,1,,0,2026-07-01 00:00:00,330.83,,False,0.0,3
p15797611,C104281,巴黎歐萊雅,L'OREAL PARIS,L'OREAL 歐萊雅青春活碼防護精華液套裝,490,1225.0,4.0,735.0,488.0,6,6,39,0,2026-07-01 00:00:00,456.64,,False,0.0,3
p15828362,C108005,雪肌精,SEKKISEI,SEKKISEI雪肌精逸透純淨安潤化妝水200ml,107,260.0,4.1,153.0,105.0,5,5,11,0,2026-07-01 00:00:00,99.72,,False,0.0,3
p15809673,C105504,雪肌精,SEKKISEI,SEKKISEI  雪肌精逸透純淨水乳套裝,187,457.0,4.1,270.0,185.0,2,2,5,0,2026-07-01 00:00:00,174.27,,False,0.0,3
p15820476,C105646,嬌韻詩,CLARINS,CLARINS嬌韻詩男士柔滑剃須泡沫 150ml【有效期至：2027年1月】,103,250.0,4.1,147.0,,2,2,8,0,2026-07-01 00:00:00,95.99,,False,0.0,3
p15737814,C043469,莫傑,MARC JACOBS,MARC JACOBS莫傑雛菊摯愛蜜語女士淡香氛EDT 50mL,318,775.0,4.1,457.0,316.0,2,2,2,0,2026-07-01 00:00:00,296.35,,False,0.0,3
p15900699,C119614,卡尔文·克莱恩,CALVIN KLEIN,Calvin Klein卡爾文克雷恩香水-CK-ONE-香氛套裝-200-毫升---50-毫升,370,900.0,4.1,530.0,,1,1,5,0,2026-07-01 00:00:00,344.81,,False,0.0,3
p15824023,C103133,雪肌精,SEKKISEI,SEKKISEI雪肌精逸透完美套裝200ml+140ml,196,480.0,4.1,284.0,194.0,4,4,8,0,2026-07-01 00:00:00,182.66,,False,0.0,3
p15794668,C101485,莫傑,MARC JACOBS,MARC JACOBS  莫傑雛菊清心女士濃香水 75ml,397,980.0,4.1,583.0,395.0,1,1,3,0,2026-07-01 00:00:00,369.97,,False,0.0,3
p15871551,C114354,歐舒丹,L'OCCITANE,L'OCCITANE歐舒丹臘菊奢顏致臻精華霜【有效期至：2027年2月28日】,651,1600.0,4.1,949.0,,3,3,7,5,2026-07-01 00:00:00,606.68,,False,0.0,3
p15742434,C054983,雪肌精,SEKKISEI,SEKKISEI雪肌精優醇菁華水乳霜3件套 200ml+140ml+50ml,550,1332.0,4.1,782.0,548.0,1,1,6,0,2026-07-01 00:00:00,512.56,,False,0.0,3
p15742434,C054983,雪肌精,SEKKISEI,SEKKISEI雪肌精優醇菁華水乳霜3件套 200ml+140ml+50ml,550,1332.0,4.1,782.0,548.0,1,1,6,0,2026-07-01 00:00:00,512.56,,False,0.0,3
p15828749,C108003,雪肌精,SEKKISEI,SEKKISEI雪肌精逸透純淨舒潤乳液140ml,111,270.0,4.1,159.0,109.0,8,8,4,0,2026-07-01 00:00:00,103.44,,False,0.0,3
p15858619,C053041,Boss,Boss,HUGO雨果男士淡香氛 75ml,230,565.0,4.1,335.0,228.0,1,1,2,0,2026-07-01 00:00:00,214.34,,False,0.0,3
p15735889,C035934,伊麗莎白·雅頓,ELIZABETH ARDEN,Elizabeth Arden伊麗莎白雅頓白茶淡香水 100ml,176,432.0,4.1,256.0,174.0,1,1,3,0,2026-07-01 00:00:00,164.02,,False,0.0,3
p15919672,IN100944,可复美,可复美,可复美重组胶原蛋白肌御修护次抛精华液 1.5mL×5 packs,46,109.0,4.2,63.0,44.0,5,5,30,0,2026-07-01 00:00:00,42.87,,False,0.0,3
p15809685,C106015,雪肌精,SEKKISEI,SEKKISEI  雪肌精逸透純淨安潤化妝水 200ml,103,248.0,4.2,145.0,101.0,2,2,9,0,2026-07-01 00:00:00,95.99,,False,0.0,3
p15896959,C112457,儀式,RITUALS,RITUALS白色羅勒香薰蠟燭-360g,183,435.0,4.2,252.0,181.0,2,2,4,0,2026-07-01 00:00:00,170.54,,False,0.0,3
p15876080,IN100547,潤百顏,潤百顏,潤百顏玻尿酸金致耀時次拋精華液,273,649.0,4.2,376.0,271.0,1,1,13,0,2026-07-01 00:00:00,254.42,,False,0.0,3
p15797276,C102039,伊麗莎白·雅頓,ELIZABETH ARDEN,Elizabeth Arden  伊麗莎白雅頓白茶精華露 30ml,239,567.0,4.2,328.0,237.0,1,1,4,0,2026-07-01 00:00:00,222.73,,False,0.0,3
p15809676,C106013,雪肌精,SEKKISEI,SEKKISEI  雪肌精逸透柔潤勻亮凝霜盒,30,71.0,4.2,41.0,28.0,2,2,6,5,2026-07-01 00:00:00,27.96,,False,0.0,3
p15797276,C102039,伊麗莎白·雅頓,ELIZABETH ARDEN,Elizabeth Arden  伊麗莎白雅頓白茶精華露 30ml,239,567.0,4.2,328.0,237.0,1,1,4,0,2026-07-01 00:00:00,222.73,,False,0.0,3
p15890283,C116910,蔻依,Chloe,"Chloe""蔻依戀旅重返埃及女士香氛75ml",591,1374.0,4.3,783.0,589.0,1,1,2,0,2026-07-01 00:00:00,550.77,,False,0.0,3
p15825637,C103664,紀梵希,Givenchy,GIVENCHY紀梵希高定香榭粉絲絨唇膏3.4g,157,360.0,4.4,203.0,155.0,2,2,23,0,2026-07-01 00:00:00,146.31,,False,0.0,3
p15825637,C103664,紀梵希,Givenchy,GIVENCHY紀梵希高定香榭粉絲絨唇膏3.4g,157,360.0,4.4,203.0,155.0,2,2,23,0,2026-07-01 00:00:00,146.31,,False,0.0,3
p15943005,C122165,儀式,RITUALS,RITUALS梵心儀式小號禮盒,133,295.0,4.5,162.0,,22,22,27,0,2026-07-01 00:00:00,123.95,,False,0.0,3
p15800454,C051698,AHC,AHC,AHC愛和純臻致玻尿酸面膜(黃金款)25g*10片,124,275.0,4.5,151.0,122.0,29,29,29,0,2026-07-01 00:00:00,115.56,,False,0.0,3
p15737361,C035823,紀梵希,Givenchy,GIVENCHY紀梵希花漾曜白精華乳  30mL,357,791.0,4.5,434.0,355.0,1,1,6,0,2026-07-01 00:00:00,332.7,,False,0.0,3
p15822813,C105973,黛珂,DECORTE,DECORTE 黛珂牛油果植萃乳液--300毫升-2支裝-,430,954.0,4.5,524.0,428.0,2,2,85,0,2026-07-01 00:00:00,400.73,,False,0.0,3
p15782302,C102034,伊麗莎白·雅頓,ELIZABETH ARDEN,Elizabeth Arden伊麗莎白雅頓第五大道NYC戀尚紐約香水 75ml,192,425.0,4.5,233.0,190.0,1,1,5,0,2026-07-01 00:00:00,178.93,,False,0.0,3
p15809822,C105976,黛珂,DECORTE,DECORTE黛珂牛油果植萃乳液 150ml（版）,142,315.0,4.5,173.0,140.0,8,8,45,0,2026-07-01 00:00:00,132.33,,False,0.0,3
p15810016,C105978,黛珂,DECORTE,DECORTE黛珂多重防曬乳(耐水型) 55ml,130,290.0,4.5,160.0,128.0,14,14,200+,0,2026-07-01 00:00:00,121.15,,False,0.0,3
p15801167,C102134,肌膚之鑰,CLE DE PEAU BEAUTE,CPB 肌膚之鑰無瑕遮瑕膏 N6 5g【有效期至：2027年2月】,246,550.0,4.5,304.0,,4,4,38,0,2026-07-01 00:00:00,229.25,,False,0.0,3
p15828390,C107072,伊麗莎白·雅頓,ELIZABETH ARDEN,Elizabeth Arden伊麗莎白雅頓綠茶柚子小蒼蘭香水50ml,118,260.0,4.5,142.0,116.0,1,1,3,0,2026-07-01 00:00:00,109.97,,False,0.0,3
p15825241,C103646,紀梵希,Givenchy,GIVENCHY紀梵希高定甜潤唇膏2.8g,150,330.0,4.5,180.0,148.0,6,6,20,0,2026-07-01 00:00:00,139.79,,False,0.0,3
p15740712,C045784,伊麗莎白·雅頓,ELIZABETH ARDEN,Elizabeth Arden伊麗莎白雅頓白茶淡香水（野玫瑰香型）100ml,193,426.0,4.5,233.0,191.0,2,2,6,0,2026-07-01 00:00:00,179.86,,False,0.0,3
p15871721,C114902,伊麗莎白·雅頓,ELIZABETH ARDEN,ELIZABETH ARDEN伊麗莎白·雅頓綠茶椰子淡香水50ML,117,260.0,4.5,143.0,115.0,1,1,1,0,2026-07-01 00:00:00,109.04,,False,0.0,3
p15942690,C122163,儀式,RITUALS,RITUALS櫻花儀式小號禮盒,133,295.0,4.5,162.0,,27,27,46,0,2026-07-01 00:00:00,123.95,,False,0.0,3
p15825384,C107069,伊麗莎白·雅頓,ELIZABETH ARDEN,Elizabeth伊麗莎白雅頓白茶淡香水 EDT,161,354.0,4.5,193.0,159.0,2,2,3,0,2026-07-01 00:00:00,150.04,,False,0.0,3
p15875681,IN100496,自然堂,CHANDO,CHANDO自然堂雪肌追光煥白緊致乳液110ml*2支裝,318,704.0,4.5,386.0,316.0,2,2,,0,2026-07-01 00:00:00,296.35,,False,0.0,3
p15871721,C114902,伊麗莎白·雅頓,ELIZABETH ARDEN,ELIZABETH ARDEN伊麗莎白·雅頓綠茶椰子淡香水50ML,117,260.0,4.5,143.0,115.0,1,1,1,0,2026-07-01 00:00:00,109.04,,False,0.0,3
p15789330,C101078,蘭芝,LANEIGE,LANEIGE蘭芝水酷透明質酸嘭潤悅享兩件套裝(特潤),226,500.0,4.5,274.0,224.0,1,1,7,0,2026-07-01 00:00:00,210.62,,False,0.0,3
p15876086,IN100351,自然堂,CHANDO,CHANDO自然堂舒緩潤養卸妝膏100ml*2支裝,157,346.0,4.5,189.0,155.0,2,2,3,0,2026-07-01 00:00:00,146.31,,False,0.0,3
p15871726,C113670,紀梵希,Givenchy,Givenchy紀梵希高定禁忌緞光唇膏,161,360.0,4.5,199.0,159.0,4,4,14,0,2026-07-01 00:00:00,150.04,,False,0.0,3
p15822814,C105982,黛珂,DECORTE,DECORTE 黛珂牛油果植萃乳液-300ML,239,530.0,4.5,291.0,,9,9,56,0,2026-07-01 00:00:00,222.73,,False,0.0,3
p15792881,C102043,伊麗莎白·雅頓,ELIZABETH ARDEN,Elizabeth Arden伊麗莎白雅頓綠茶荔枝香水 100ml,163,362.0,4.5,199.0,161.0,4,4,3,0,2026-07-01 00:00:00,151.9,,False,0.0,3
p15736019,C039706,伊麗莎白·雅頓,ELIZABETH ARDEN,Elizabeth Arden伊麗莎白雅頓水凝霜 100ML,105,228.0,4.6,123.0,103.0,1,1,15,0,2026-07-01 00:00:00,97.85,,False,0.0,3
p15781818,C101922,紀梵希,Givenchy,GIVENCHY紀梵希明星柔霧粉底液 30ml,232,504.0,4.6,272.0,230.0,4,4,31,0,2026-07-01 00:00:00,216.21,,False,0.0,3
p15875672,IN100242,薇诺娜,薇诺娜,薇諾娜 120ml舒敏保濕潤膚水,93,204.0,4.6,111.0,91.0,2,2,26,0,2026-07-01 00:00:00,86.67,,False,0.0,3
p15876076,IN100250,薇诺娜,薇诺娜,薇諾娜 120ml極潤保濕柔膚水,89,193.0,4.6,104.0,87.0,5,5,19,0,2026-07-01 00:00:00,82.94,,False,0.0,3
p15743284,C015057,伊麗莎白·雅頓,ELIZABETH ARDEN,Elizabeth Arden伊麗莎白雅頓逆時橘燦精純眼霜15ml,403,877.0,4.6,474.0,401.0,7,7,6,0,2026-07-01 00:00:00,375.57,,False,0.0,3
p15737546,C100025,伊麗莎白·雅頓,ELIZABETH ARDEN,Elizabeth Arden伊麗莎白雅頓時空煥活塑顏緊致晚霜 50ml,312,678.0,4.6,366.0,310.0,3,3,,5,2026-07-01 00:00:00,290.76,,False,0.0,3
p15875667,IN100247,薇诺娜,薇诺娜,薇諾娜 50g清透防曬霜SPF50+PA+++,109,237.0,4.6,128.0,107.0,3,3,6,0,2026-07-01 00:00:00,101.58,,False,0.0,3
p15875662,IN100326,自然堂,CHANDO,CHANDO自然堂金鑽微雕抗皺緊致眼霜20g,289,628.0,4.6,339.0,287.0,1,1,7,0,2026-07-01 00:00:00,269.33,,False,0.0,3
p15736643,C100188,伊麗莎白·雅頓,ELIZABETH ARDEN,Elizabeth Arden伊麗莎白雅頓時空煥活塑顏緊致面霜 50ml,308,669.0,4.6,361.0,306.0,3,3,9,5,2026-07-01 00:00:00,287.03,,False,0.0,3
p15876074,IN100229,薇诺娜,薇诺娜,薇諾娜 30ml極潤保濕精華液,149,323.0,4.6,174.0,147.0,2,2,11,0,2026-07-01 00:00:00,138.86,,False,0.0,3
p15876074,IN100229,薇诺娜,薇诺娜,薇諾娜 30ml極潤保濕精華液,149,323.0,4.6,174.0,147.0,2,2,11,0,2026-07-01 00:00:00,138.86,,False,0.0,3
p15887948,C116162,伊麗莎白·雅頓,ELIZABETH ARDEN,Elizabeth Arden伊莉莎白雅頓香氛套裝(10ml + 15ml + 15ml),164,355.0,4.6,191.0,162.0,2,2,,0,2026-07-01 00:00:00,152.84,,False,0.0,3
p15875682,IN100330,自然堂,CHANDO,CHANDO自然堂雪肌追光煥白緊致面霜55g,180,390.0,4.6,210.0,178.0,1,1,1,0,2026-07-01 00:00:00,167.75,,False,0.0,3
p15735931,C036585,伊麗莎白·雅頓,ELIZABETH ARDEN,Elizabeth Arden伊麗莎白雅頓複合晚安好眠滋養乳霜套組100ml+50ml（無塑封）,199,432.0,4.6,233.0,197.0,1,1,10,0,2026-07-01 00:00:00,185.45,,False,0.0,3
p15741830,C045385,庭潤,THANN,THANN庭潤伊甸園微風系列散香器150ml,209,450.0,4.6,241.0,207.0,6,6,24,0,2026-07-01 00:00:00,194.77,,False,0.0,3
p15876075,IN100271,薇诺娜,薇诺娜,薇諾娜 120ml清透水感防曬噴霧SPF30PA+++,84,182.0,4.6,98.0,82.0,3,3,19,0,2026-07-01 00:00:00,78.28,,False,0.0,3
p15831474,C107101,伊芙蘭,EVE LOM,EVE LOM伊芙蘭亮采修護視黃醇精華液 30ml,886,1870.0,4.7,984.0,884.0,1,1,8,0,2026-07-01 00:00:00,825.69,,False,0.0,3
p15875683,IN100380,自然堂,CHANDO,CHANDO自然堂金鑽微雕抗皺緊致悅享三件套(水乳精),742,1581.0,4.7,839.0,740.0,1,1,1,0,2026-07-01 00:00:00,691.49,,False,0.0,3
p15866247,C111836,資生堂,SHISEIDO,SHISEIDO資生堂安熱沙金燦倍護防曬乳 90ML,131,280.0,4.7,149.0,,123,123,1000+,0,2026-07-01 00:00:00,122.08,,False,0.0,3
p15800452,C052634,AHC,AHC,AHC愛和純臻致玻尿酸面膜(黃金款) 25g*25,312,652.0,4.8,340.0,310.0,6,6,12,0,2026-07-01 00:00:00,290.76,,False,0.0,3
p15891801,C119063,AHC,AHC,A.H.C 愛和純第三代臻致舒潤保濕面膜-27ml*10片,80,165.0,4.8,85.0,78.0,39,39,100+,0,2026-07-01 00:00:00,74.55,,False,0.0,3
p15806821,C101877,紀梵希,Givenchy,GIVENCHY紀梵希高定禁忌唇膏N332 3.4g,180,360.0,5.0,180.0,178.0,1,1,4,0,2026-07-01 00:00:00,167.75,,False,0.0,3
p15743606,C055284,伊麗莎白·雅頓,ELIZABETH ARDEN,Elizabeth Arden伊麗莎白雅頓時空煥活精華夜間多效膠囊精華 84ml,854,1708.0,5.0,854.0,852.0,3,3,55,0,2026-07-01 00:00:00,795.86,,False,0.0,3
p15869030,C114724,伊麗莎白·雅頓,ELIZABETH ARDEN,Elizabeth Arden伊麗莎白雅頓晶璨皙顏多效夜間膠囊精華液,573,1145.0,5.0,572.0,571.0,5,5,14,0,2026-07-01 00:00:00,533.99,,False,0.0,3
p15833290,C106475,巴黎歐萊雅,L'OREAL PARIS,L'OREAL歐萊雅複顏保濕護膚套裝【有效期至：2027年2月】,270,540.0,5.0,270.0,,12,12,52,0,2026-07-01 00:00:00,251.62,,False,0.0,3
p15743031,C054897,蘭蔻,LANCOME,LANCOME蘭蔻肌底精華煥亮眼霜雙支裝 15ml*2【有效期至：2027年1月】,518,1035.0,5.0,517.0,,1,1,200+,100,2026-07-01 00:00:00,482.74,,False,0.0,3
p15807198,C101934,紀梵希,Givenchy,GIVENCHY紀梵希高定禁忌唇膏N117 3.4g,180,360.0,5.0,180.0,178.0,2,2,2,0,2026-07-01 00:00:00,167.75,,False,0.0,3
p15884157,C114202,資生堂,SHISEIDO,Shiseido資生堂-悅薇智感緊顏亮膚乳,393,790.0,5.0,397.0,391.0,5,5,66,0,2026-07-01 00:00:00,366.25,,False,0.0,3
p15943009,C122167,儀式,RITUALS,RITUALS櫻花儀式中號禮盒,205,410.0,5.0,205.0,,8,8,47,0,2026-07-01 00:00:00,191.04,,False,0.0,3
p15740116,C047317,茵芙莎,IPSA,IPSA茵芙莎雙色空氣粉餅盒（僅粉餅盒）,35,70.0,5.0,35.0,33.0,2,2,,0,2026-07-01 00:00:00,32.62,,False,0.0,3
p15942495,C122160,儀式,RITUALS,RITUALS阿姆斯特丹系列甄選禮盒,313,625.0,5.0,312.0,,14,14,37,0,2026-07-01 00:00:00,291.69,,False,0.0,3
p15793924,C103091,巴黎歐萊雅,L'OREAL PARIS,L'OREAL歐萊雅複顏玻尿酸眼霜 65ml,565,1130.0,5.0,565.0,,47,47,57,0,2026-07-01 00:00:00,526.54,,False,0.0,3
p15872012,C111785,歐舒丹,L'OCCITANE,L'OCCITANE歐舒丹甜扁桃味沐浴綿綿霜-200ML,103,205.0,5.0,102.0,101.0,2,2,39,0,2026-07-01 00:00:00,95.99,,False,0.0,3
p15872012,C111785,歐舒丹,L'OCCITANE,L'OCCITANE歐舒丹甜扁桃味沐浴綿綿霜-200ML,103,205.0,5.0,102.0,101.0,2,2,39,0,2026-07-01 00:00:00,95.99,,False,0.0,3
p15806821,C101877,紀梵希,Givenchy,GIVENCHY紀梵希高定禁忌唇膏N332 3.4g,180,360.0,5.0,180.0,178.0,1,1,4,0,2026-07-01 00:00:00,167.75,,False,0.0,3
p15942689,C122158,儀式,RITUALS,RITUALS靜儀式小號禮盒,148,295.0,5.0,147.0,,3,3,45,0,2026-07-01 00:00:00,137.93,,False,0.0,3
p15742045,C052844,黛珂,DECORTE,COSME DECORTE黛珂AQ珍萃精顏臻悅粉盒1pcs,109,220.0,5.0,111.0,107.0,5,5,3,0,2026-07-01 00:00:00,101.58,,False,0.0,3
p15915671,698133320,JBL,JBL,JBL-Wind 3 可攜式收音機藍牙喇叭 (FM收音機/LED 顯示/免提通話/記憶卡輸入) 黑色【下單請勿選京東代收點，詳細查看購買須知】,299,599.0,5.0,300.0,,10,10,,0,2026-07-01 00:00:00,278.65,,False,0.0,3
p15916059,698133321,JBL,JBL,JBL-Wind 3 可攜式收音機藍牙喇叭 (FM收音機/LED 顯示/免提通話/記憶卡輸入) 藍色【下單請勿選京東代收點，詳細查看購買須知】,299,599.0,5.0,300.0,,10,10,,0,2026-07-01 00:00:00,278.65,,False,0.0,3
p15916060,698133322,JBL,JBL,JBL-Wind 3 可攜式收音機藍牙喇叭 (FM收音機/LED 顯示/免提通話/記憶卡輸入) 紅色【下單請勿選京東代收點，詳細查看購買須知】,299,599.0,5.0,300.0,,10,10,,0,2026-07-01 00:00:00,278.65,,False,0.0,3
p15737239,C040909,祖瑪瓏,JO MALONE LONDON,JO MALONE祖·瑪瓏滿室幽香香薰（黑石榴香型）165ML【有效期至：2027年3月】,392,770.0,5.1,378.0,,5,5,16,0,2026-07-01 00:00:00,365.31,,False,0.0,3
p15884410,C117487,紀梵希,Givenchy,GIVENCHY紀梵希明星流光菁潤粉底液-1-5W 30ML,296,580.0,5.1,284.0,294.0,1,1,1,0,2026-07-01 00:00:00,275.85,,False,0.0,3
p15876310,C115079,魅可,MAC,MAC魅可修容盤深色系【有效期至：2027年1月31日】,177,350.0,5.1,173.0,,5,5,2,0,2026-07-01 00:00:00,164.95,,False,0.0,3
p15868253,C114414,凱卓,KENZO,KENZO凱卓純淨之水冰靈男士淡香水限量版【有效期至：2027年1月31日】,338,665.0,5.1,327.0,,2,2,1,0,2026-07-01 00:00:00,314.99,,False,0.0,3
p15867852,C114415,凱卓,KENZO,KENZO凱卓純淨之水冰靈女士淡香水限量版【有效期至：2027年1月31日】,338,665.0,5.1,327.0,,2,2,2,0,2026-07-01 00:00:00,314.99,,False,0.0,3
p15875889,C115073,魅可,MAC,MAC魅可面部彩妝盤【有效期至：2027年1月31日】,177,350.0,5.1,173.0,,3,3,2,0,2026-07-01 00:00:00,164.95,,False,0.0,3
p15869793,C114966,悦木之源,ORIGINS,ORIGINS咖啡因煥亮精華,218,425.0,5.1,207.0,216.0,3,3,6,0,2026-07-01 00:00:00,203.16,,False,0.0,3
p15889833,C117493,紀梵希,Givenchy,GIVENCHY 紀梵希明星流光菁潤粉底液-3W 30ML,296,580.0,5.1,284.0,294.0,10,10,,0,2026-07-01 00:00:00,275.85,,False,0.0,3
p15884409,C117501,紀梵希,Givenchy,GIVENCHY紀梵希高定甜潤耀彩精萃唇膏304,176,345.0,5.1,169.0,174.0,2,2,17,0,2026-07-01 00:00:00,164.02,,False,0.0,3
p15742411,C043329,蒂芙尼,TIFFANY & CO,TIFFANY蒂芙尼傾心女士淡香水,454,1135.0,5.1,681.0,452.0,1,1,16,0,2026-07-01 00:00:00,423.09,,False,0.0,3
p15738096,C044252,資生堂,SHISEIDO,SHISEIDO資生堂盼麗風姿智感撫痕日乳SPF30PA+++75ml,283,560.0,5.1,277.0,281.0,20,20,90,0,2026-07-01 00:00:00,263.74,,False,0.0,3
p15829477,C052842,黛珂,DECORTE,COSME DECORTE黛珂AQ珍萃精顏臻悅粉餅401 11g,577,1140.0,5.1,563.0,575.0,2,2,,0,2026-07-01 00:00:00,537.72,,False,0.0,3
p15782320,C011713,倩碧,CLINIQUE,CLINIQUE 倩碧身體防曬乳SPF50／PA++++ 150ml【有效期至：2027年3月】,158,305.0,5.2,147.0,,3,3,11,0,2026-07-01 00:00:00,147.24,,False,0.0,3
p15828345,C105813,雅詩蘭黛,ESTEE LAUDER,ESTEE LAUDER雅詩蘭黛絕色由我絨霧唇膏3.5g,178,340.0,5.2,162.0,176.0,4,4,7,0,2026-07-01 00:00:00,165.88,,False,0.0,3
p15736923,C039024,芭比布朗,BOBBI BROWN,BOBBI BROWN芭比波朗炙戀柔霧唇膏15號 3.4g,141,270.0,5.2,129.0,139.0,2,2,2,0,2026-07-01 00:00:00,131.4,,False,0.0,3
p15737019,C039029,芭比布朗,BOBBI BROWN,BOBBI BROWN芭比波朗炙戀唇膏4號,141,270.0,5.2,129.0,139.0,4,4,1,0,2026-07-01 00:00:00,131.4,,False,0.0,3
p15737378,C049498,芭比布朗,BOBBI BROWN,BOBBI BROWN芭比波朗炙戀精油唇蜜6號6 ml【有效期至：2027年3月】,128,245.0,5.2,117.0,,4,4,4,0,2026-07-01 00:00:00,119.29,,False,0.0,3
p15872014,C113581,歐舒丹,L'OCCITANE,L'OCCITANE歐舒丹草本香菁純臻萃煥活精華油,202,380.0,5.3,178.0,,4,4,22,0,2026-07-01 00:00:00,188.25,,False,0.0,3
p15845714,C108894,芭比布朗,BOBBI BROWN,BOBBI BROWN芭比波朗密集奢采精華粉底霜 30ml,388,735.0,5.3,347.0,,3,3,28,0,2026-07-01 00:00:00,361.59,,False,0.0,3
p15828347,C105800,雅詩蘭黛,ESTEE LAUDER,ESTEE LAUDER雅詩蘭黛絕色由我緞光唇膏3.5g,180,340.0,5.3,160.0,,2,2,14,0,2026-07-01 00:00:00,167.75,,False,0.0,3
p15830822,C105751,雅詩蘭黛,ESTEE LAUDER,ESTEE LAUDER雅詩蘭黛絕色由我緞光唇膏3.5g,180,340.0,5.3,160.0,178.0,3,3,11,0,2026-07-01 00:00:00,167.75,,False,0.0,3
p15735847,C041210,悦木之源,ORIGINS,ORIGINS悅木之源韋博士靈芝煥能好底子精華面霜50毫升,331,620.0,5.3,289.0,329.0,1,1,41,5,2026-07-01 00:00:00,308.47,,False,0.0,3
p15830837,C107915,悦木之源,ORIGINS,ORIGINS悅木之源水潤亮采眼霜-冷 15ml,155,290.0,5.3,135.0,153.0,1,1,8,0,2026-07-01 00:00:00,144.45,,False,0.0,3
p15736791,C030980,悦木之源,ORIGINS,ORIGINS悅木之源韋博士卓越防護SPF 45 隔離乳30毫升,253,475.0,5.3,222.0,251.0,5,5,14,0,2026-07-01 00:00:00,235.78,,False,0.0,3
p15871378,C111270,芭比布朗,BOBBI BROWN,BOBBI BROWN芭比波朗密集奢采精華粉霜N-012號-30ML,388,735.0,5.3,347.0,386.0,1,1,4,0,2026-07-01 00:00:00,361.59,,False,0.0,3
p15738914,C047694,黛珂,DECORTE,COSME DECORTE黛珂AQ珍萃精顏綺甄眼霜 20g,1156,2150.0,5.4,994.0,1154.0,8,8,17,0,2026-07-01 00:00:00,1077.31,,False,0.0,3
p15736000,C009326,CLINIQUE,CLINIQUE (Beauty),CLINIQUE倩碧水嫩保濕噴霧125ml,158,290.0,5.4,132.0,156.0,3,3,3,0,2026-07-01 00:00:00,147.24,,False,0.0,3
p15876794,C103539,魅可,MAC,MAC魅可定制無瑕粉底霜 NC50 15g,200,370.0,5.4,170.0,198.0,2,2,,0,2026-07-01 00:00:00,186.39,,False,0.0,3
p15738726,C032521,祖玛珑,JO MALONE LONDON,JO MALONE祖·瑪瓏潤膚乳液黑莓與月桂葉250ml,296,545.0,5.4,249.0,294.0,1,1,6,0,2026-07-01 00:00:00,275.85,,False,0.0,3
p15839867,C108873,雅詩蘭黛,ESTEE LAUDER,ESTEE LAUDER雅詩蘭黛三合一多功能造型眉筆03,166,305.0,5.4,139.0,164.0,3,3,8,0,2026-07-01 00:00:00,154.7,,False,0.0,3
p15881987,C116198,芭比布朗,BOBBI BROWN,Bobbi Brown芭比波朗奢金啞光唇膏Charmed淡雅玫紅3.5g,190,350.0,5.4,160.0,188.0,1,1,1,0,2026-07-01 00:00:00,177.07,,False,0.0,3
p15851788,C111235,祖玛珑,JO MALONE LONDON,JO MALONE祖瑪瓏末藥與冬加豆沐浴露 250ml,277,510.0,5.4,233.0,275.0,3,3,7,0,2026-07-01 00:00:00,258.14,,False,0.0,3
p15737467,C044609,祖瑪瓏,JO MALONE LONDON,JO MALONE祖·瑪瓏香氛蠟燭（藍風鈴香型）,301,555.0,5.4,254.0,299.0,1,1,14,0,2026-07-01 00:00:00,280.51,,False,0.0,3
p15740557,C051940,艾梵達,AVEDA,AVEDA三重修復草本護髮素200ml,182,340.0,5.4,158.0,180.0,1,1,29,0,2026-07-01 00:00:00,169.61,,False,0.0,3
p15864115,C112792,芭比布朗,BOBBI BROWN,BOBBI BROWN芭比波朗至盈呵護唇蜜 BARE 6ML,190,350.0,5.4,160.0,188.0,4,4,45,0,2026-07-01 00:00:00,177.07,,False,0.0,3
p15740340,C041863,魅可,MAC,MAC魅可絲緞柔霧唇膏/口紅 3g,108,200.0,5.4,92.0,,1,1,19,30,2026-07-01 00:00:00,100.65,,False,0.0,3
p15737196,C030054,祖瑪瓏,JO MALONE LONDON,JO MALONE祖·瑪瓏瓏香水(青檸羅勒與柑橘香型)30ml,342,630.0,5.4,288.0,340.0,2,2,3,0,2026-07-01 00:00:00,318.72,,False,0.0,3
p15789668,C101174,魅可,MAC,MAC魅可絲緞絨霧細管唇膏11-2g,128,235.0,5.4,107.0,126.0,1,1,10,0,2026-07-01 00:00:00,119.29,,False,0.0,3
p15737196,C030054,祖瑪瓏,JO MALONE LONDON,JO MALONE祖·瑪瓏瓏香水(青檸羅勒與柑橘香型)30ml,342,630.0,5.4,288.0,340.0,2,2,3,0,2026-07-01 00:00:00,318.72,,False,0.0,3
p15806087,C103052,湯姆福特,TOM FORD,TOM FORD幻魅雙色塑顏膏 0.5 冷白皮  膏狀質地  INTENSITY  15g,352,650.0,5.4,298.0,350.0,2,2,2,0,2026-07-01 00:00:00,328.04,,False,0.0,3
p15866249,C049301,魅可,MAC,MAC魅可細緻眉筆增量裝 01,128,235.0,5.4,107.0,126.0,5,5,17,0,2026-07-01 00:00:00,119.29,,False,0.0,3
p15802037,C103546,悦木之源,ORIGINS,ORIGINS悅木之源咖啡因水潤煥亮啫喱霜 50ml,177,330.0,5.4,153.0,175.0,4,4,13,5,2026-07-01 00:00:00,164.95,,False,0.0,3
p15736407,C031753,魅可,MAC,MAC魅可感光粉底液按壓嘴,19,35.0,5.4,16.0,17.0,1,1,8,0,2026-07-01 00:00:00,17.71,,False,0.0,3
p15737432,C055311,CLINIQUE,CLINIQUE (Beauty),CLINIQUE倩碧男士控油保濕潤膚霜 100ml,174,320.0,5.4,146.0,172.0,2,2,14,5,2026-07-01 00:00:00,162.16,,False,0.0,3
p15806087,C103052,湯姆福特,TOM FORD,TOM FORD幻魅雙色塑顏膏 0.5 冷白皮  膏狀質地  INTENSITY  15g,352,650.0,5.4,298.0,350.0,2,2,2,0,2026-07-01 00:00:00,328.04,,False,0.0,3
p15739511,C050844,伊麗莎白·雅頓,ELIZABETH ARDEN,Elizabeth Arden伊麗莎白雅頓時空煥活微精華露90ml,206,380.0,5.4,174.0,204.0,1,1,10,0,2026-07-01 00:00:00,191.98,,False,0.0,3
p15764572,C056678,倩碧,CLINIQUE,CLINIQUE倩碧眼線筆 黑色 0.25g,99,185.0,5.4,86.0,97.0,2,2,4,0,2026-07-01 00:00:00,92.26,,False,0.0,3
p15825270,C107356,芭比布朗,BOBBI BROWN,BOBBI BROWN芭比波朗至盈呵護滋養潤唇膏2.3g,190,350.0,5.4,160.0,188.0,7,7,100+,0,2026-07-01 00:00:00,177.07,,False,0.0,3
p15739115,C009323,倩碧,CLINIQUE,CLINIQUE倩碧水凝護理眼霜15ML,217,400.0,5.4,183.0,215.0,2,2,7,0,2026-07-01 00:00:00,202.23,,False,0.0,3
p15881983,C116141,魅可,MAC,MAC魅可絲緞柔霧液體唇膏954 REKINDLED 5ml,117,215.0,5.4,98.0,115.0,1,1,2,0,2026-07-01 00:00:00,109.04,,False,0.0,3
p15877262,C116561,魅可,MAC,MAC魅可眉筆4.1g(Black),128,235.0,5.4,107.0,126.0,3,3,3,0,2026-07-01 00:00:00,119.29,,False,0.0,3
p15876391,C113678,紀梵希,Givenchy,GIVENCHY 紀梵希明星四宮格柔霧散粉,306,565.0,5.4,259.0,304.0,41,41,100+,0,2026-07-01 00:00:00,285.17,,False,0.0,3
p15883140,C113956,黛珂,DECORTE,DECORTE黛珂-心悅容光幻紗蜜粉-05,195,360.0,5.4,165.0,193.0,1,1,1,0,2026-07-01 00:00:00,181.73,,False,0.0,3
p15737054,C039012,芭比布朗,BOBBI BROWN,BOBBI BROWN芭比波朗炙戀唇膏2號,145,270.0,5.4,125.0,143.0,1,1,1,0,2026-07-01 00:00:00,135.13,,False,0.0,3
p15738788,C046923,CLINIQUE,CLINIQUE (Beauty),CLINIQUE倩碧男士平衡滋養霜 50ML,207,380.0,5.4,173.0,205.0,1,1,10,5,2026-07-01 00:00:00,192.91,,False,0.0,3
p15736156,C007992,CLINIQUE,CLINIQUE (Beauty),CLINIQUE倩碧修護滋養眼霜15ML,217,400.0,5.4,183.0,215.0,4,4,5,0,2026-07-01 00:00:00,202.23,,False,0.0,3
p15825605,C105796,雅詩蘭黛,ESTEE LAUDER,ESTEE LAUDER雅詩蘭黛絕色由我絨霧唇膏3.5g,182,340.0,5.4,158.0,180.0,13,13,36,0,2026-07-01 00:00:00,169.61,,False,0.0,3
p15830825,C108799,芭比布朗,BOBBI BROWN,BOBBI BROWN芭比波朗五色眼影盤,266,490.0,5.4,224.0,,1,1,13,0,2026-07-01 00:00:00,247.89,,False,0.0,3
p15864123,C037776,魅可,MAC,MAC魅可唇彩 59 3.1ML,98,180.0,5.4,82.0,96.0,1,1,3,0,2026-07-01 00:00:00,91.33,,False,0.0,3
p15869751,C108101,儀式,RITUALS,RITUALS靜儀式身體乳-220ML,122,225.0,5.4,103.0,120.0,5,5,58,0,2026-07-01 00:00:00,113.69,,False,0.0,3
p15830838,C107815,芭比波朗,BOBBI BROWN,BOBBI BROWN芭比波朗羽柔定妝蜜粉餅,215,395.0,5.4,180.0,,5,5,60,0,2026-07-01 00:00:00,200.36,,False,0.0,3
p15796908,C101193,魅可,MAC,MAC魅可絲緞絨霧細管唇膏2g,128,235.0,5.4,107.0,126.0,7,7,3,0,2026-07-01 00:00:00,119.29,,False,0.0,3
p15864414,C113963,黛珂,DECORTE,DECORTE黛珂-心悅容光幻紗蜜粉,195,360.0,5.4,165.0,193.0,21,21,100+,0,2026-07-01 00:00:00,181.73,,False,0.0,3
p15825603,C105788,雅詩蘭黛,ESTEE LAUDER,ESTEE LAUDER雅詩蘭黛絕色由我緞光唇膏3.5g,182,340.0,5.4,158.0,,3,3,7,0,2026-07-01 00:00:00,169.61,,False,0.0,3
p15740014,C043361,祖瑪瓏,JO MALONE LONDON,JO MALONE祖·瑪瓏香水(牡丹胭紅麂絨香型)30ml,342,630.0,5.4,288.0,340.0,1,1,6,0,2026-07-01 00:00:00,318.72,,False,0.0,3
p15737589,C040765,祖瑪瓏,JO MALONE LONDON,JO MALONE祖·瑪瓏香氛蠟燭(青檸羅勒與柑橘香型）,301,555.0,5.4,254.0,299.0,5,5,35,0,2026-07-01 00:00:00,280.51,,False,0.0,3
p15830825,C108799,芭比布朗,BOBBI BROWN,BOBBI BROWN芭比波朗五色眼影盤,266,490.0,5.4,224.0,,1,1,13,0,2026-07-01 00:00:00,247.89,,False,0.0,3
p15738788,C046923,CLINIQUE,CLINIQUE (Beauty),CLINIQUE倩碧男士平衡滋養霜 50ML,207,380.0,5.4,173.0,205.0,1,1,10,5,2026-07-01 00:00:00,192.91,,False,0.0,3
p15742028,C052499,雅诗兰黛,ESTEE LAUDER,ESTEE LAUDER  雅詩蘭黛 Re-Nutriv 白金級密集滋潤護手霜 100ml,461,850.0,5.4,389.0,459.0,4,4,10,0,2026-07-01 00:00:00,429.62,,False,0.0,3
p15802039,C103064,魅可,MAC,MAC魅可絲緞絨霧細管唇膏24 2g,128,235.0,5.4,107.0,126.0,9,9,14,0,2026-07-01 00:00:00,119.29,,False,0.0,3
p15881983,C116141,魅可,MAC,MAC魅可絲緞柔霧液體唇膏954 REKINDLED 5ml,117,215.0,5.4,98.0,115.0,1,1,2,0,2026-07-01 00:00:00,109.04,,False,0.0,3
p15865178,C112779,魅可,MAC,MAC魅可炫彩豐盈潤唇膏2.3g,97,180.0,5.4,83.0,,2,2,29,0,2026-07-01 00:00:00,90.4,,False,0.0,3
p15830417,C107833,芭比布朗,BOBBI BROWN,BOBBI BROWN芭比波朗純色奢金啞光唇膏,190,350.0,5.4,160.0,,1,1,10,0,2026-07-01 00:00:00,177.07,,False,0.0,3
p15739538,C022961,CLINIQUE,CLINIQUE (Beauty),CLINIQUE倩碧男士卓越潤膚乳潤膚乳100ml,182,335.0,5.4,153.0,180.0,4,4,10,0,2026-07-01 00:00:00,169.61,,False,0.0,3
p15886985,C116204,倩碧,CLINIQUE,Clinique倩碧祛紅舒緩潔面乳,128,235.0,5.4,107.0,126.0,2,2,1,0,2026-07-01 00:00:00,119.29,,False,0.0,3
p15886985,C116204,倩碧,CLINIQUE,Clinique倩碧祛紅舒緩潔面乳,128,235.0,5.4,107.0,126.0,2,2,1,0,2026-07-01 00:00:00,119.29,,False,0.0,3
p15839487,C105173,湯姆福特,TOM FORD,TOM FORD湯姆福特柔霧緞采唇膏 3.3g,268,490.0,5.5,222.0,266.0,3,3,7,0,2026-07-01 00:00:00,249.76,,False,0.0,3
p15809365,C105937,祖玛珑,JO MALONE LONDON,JO MALONE London 祖瑪瓏潤膚乳液-鼠尾草與海鹽香型-250ML,301,545.0,5.5,244.0,299.0,3,3,6,0,2026-07-01 00:00:00,280.51,,False,0.0,3
p15799275,C043394,AHC,AHC,AHC愛和純第三代臻致B5玻尿酸補水面膜25片,218,396.0,5.5,178.0,216.0,16,16,80,0,2026-07-01 00:00:00,203.16,,False,0.0,3
p15737610,C040655,魅可,MAC,MAC魅可3D立體睫毛膏,160,290.0,5.5,130.0,158.0,3,3,2,0,2026-07-01 00:00:00,149.11,,False,0.0,3
p15764549,C100848,CLINIQUE,CLINIQUE (Beauty),CLINIQUE倩碧水嫩保濕柔膚水 400ml,257,465.0,5.5,208.0,255.0,1,1,5,0,2026-07-01 00:00:00,239.5,,False,0.0,3
p15737738,C049500,芭比布朗,BOBBI BROWN,BOBBI BROWN芭比波朗炙戀精油唇蜜8號6 ml,135,245.0,5.5,110.0,,1,1,1,0,2026-07-01 00:00:00,125.81,,False,0.0,3
p15737738,C049500,芭比布朗,BOBBI BROWN,BOBBI BROWN芭比波朗炙戀精油唇蜜8號6 ml,135,245.0,5.5,110.0,,1,1,1,0,2026-07-01 00:00:00,125.81,,False,0.0,3
p15875291,C045105,魅可,MAC,MAC魅可定制柔雾保湿粉(饼盒),58,105.0,5.5,47.0,56.0,1,1,1,0,2026-07-01 00:00:00,54.05,,False,0.0,3
p15883649,C115857,資生堂,SHISEIDO,Shiseido資生堂-資生堂紅妍肌活精華露-IV 100ML,765,1390.0,5.5,625.0,763.0,5,5,31,0,2026-07-01 00:00:00,712.92,,False,0.0,3
p15894520,C116596,歐舒丹,L'OCCITANE,L'OCCITANE歐舒丹青提戀櫻香氛套裝,311,565.0,5.5,254.0,309.0,3,3,3,0,2026-07-01 00:00:00,289.83,,False,0.0,3
p15792849,C032281,魅可,MAC,MAC魅可造型唇線筆,82,150.0,5.5,68.0,80.0,3,3,15,0,2026-07-01 00:00:00,76.42,,False,0.0,3
p15865796,C111157,魅可,MAC,MAC魅可經典啞光唇膏3.5g,105,190.0,5.5,85.0,,5,5,3,0,2026-07-01 00:00:00,97.85,,False,0.0,3
p15876792,C115057,魅可,MAC,MAC魅可新經典緞光唇膏3.5g,104,190.0,5.5,86.0,,4,4,12,0,2026-07-01 00:00:00,96.92,,False,0.0,3
p15764549,C100848,CLINIQUE,CLINIQUE (Beauty),CLINIQUE倩碧水嫩保濕柔膚水 400ml,257,465.0,5.5,208.0,255.0,1,1,5,0,2026-07-01 00:00:00,239.5,,False,0.0,3
p15894520,C116596,歐舒丹,L'OCCITANE,L'OCCITANE歐舒丹青提戀櫻香氛套裝,311,565.0,5.5,254.0,309.0,3,3,3,0,2026-07-01 00:00:00,289.83,,False,0.0,3
p15894219,C118141,伊麗莎白·雅頓,ELIZABETH ARDEN,Elizabeth Arden伊莉莎白雅頓八小時潔面,127,230.0,5.5,103.0,125.0,3,3,,0,2026-07-01 00:00:00,118.35,,False,0.0,3
p15741371,C049341,魅可,MAC,MAC魅可時尚焦點小眼影 13號（單芯）,61,110.0,5.5,49.0,59.0,1,1,3,0,2026-07-01 00:00:00,56.85,,False,0.0,3
p15887527,C108599,伊麗莎白·雅頓,ELIZABETH ARDEN,Elizabeth Arden伊莉莎白雅頓經典身體潤澤霜-400ML,209,380.0,5.5,171.0,207.0,3,3,1,0,2026-07-01 00:00:00,194.77,,False,0.0,3
p15801714,C103059,魅可,MAC,MAC魅可絲緞絨霧細管唇膏14 2g,130,235.0,5.5,105.0,128.0,3,3,4,0,2026-07-01 00:00:00,121.15,,False,0.0,3
p15874758,C111719,伊麗莎白·雅頓,ELIZABETH ARDEN,ELIZABETH ARDEN伊麗莎白·雅頓	時空煥活淡紋緊致面霜 50ml,405,735.0,5.5,330.0,403.0,3,3,3,0,2026-07-01 00:00:00,377.43,,False,0.0,3
p15737704,C049503,芭比波朗,BOBBI BROWN,BOBBI BROWN芭比波朗炙戀精油唇蜜11號6 ml,135,245.0,5.5,110.0,,1,1,2,0,2026-07-01 00:00:00,125.81,,False,0.0,3
p15824801,C048745,雅诗兰黛,ESTEE LAUDER,ESTEE LAUDER雅詩蘭黛白金級奢寵光璨精華粉底液30ml,527,960.0,5.5,433.0,525.0,54,54,100+,0,2026-07-01 00:00:00,491.13,,False,0.0,3
p15737704,C049503,芭比波朗,BOBBI BROWN,BOBBI BROWN芭比波朗炙戀精油唇蜜11號6 ml,135,245.0,5.5,110.0,,1,1,2,0,2026-07-01 00:00:00,125.81,,False,0.0,3
p15737338,C048151,湯姆福特,TOM FORD,TOM FORD 柔霧緞采唇膏 【細黑管】26 0.12OZ  / 3.5ml,270,490.0,5.5,220.0,268.0,1,1,3,0,2026-07-01 00:00:00,251.62,,False,0.0,3
p15870914,C115456,魅可,MAC,MAC魅可24HR KAJAL眼線筆Extreme Black (8g),69,125.0,5.5,56.0,67.0,1,1,6,0,2026-07-01 00:00:00,64.3,,False,0.0,3
p15885182,C105176,湯姆福特,TOM FORD,TOM FORD 柔霧緞采唇膏 【細黑管】91 古銅橘紅3.3g,268,490.0,5.5,222.0,266.0,2,2,,0,2026-07-01 00:00:00,249.76,,False,0.0,3
p15874419,C108473,納斯,NARS,NARS納斯水光絢色細管唇膏1.5G,155,280.0,5.5,125.0,,5,5,100+,0,2026-07-01 00:00:00,144.45,,False,0.0,3
p15896484,C114476,湯姆福特,TOM FORD,Tom Ford湯姆福特新烈焰幻魅唇膏-10,270,490.0,5.5,220.0,268.0,2,2,,0,2026-07-01 00:00:00,251.62,,False,0.0,3
p15764594,C049334,魅可,MAC,MAC魅可時尚焦點小眼影 0,61,110.0,5.5,49.0,59.0,1,1,2,0,2026-07-01 00:00:00,56.85,,False,0.0,3
p15735853,C047211,AVEDA,AVEDA (Hair Care),AVEDA艾凡達梳髮刷1pcs,133,240.0,5.5,107.0,,9,9,100+,50,2026-07-01 00:00:00,123.95,,False,0.0,3
p15741372,C049499,芭比布朗,BOBBI BROWN,BOBBI BROWN芭比波朗炙戀精油唇蜜#7自然美力6 ml,134,245.0,5.5,111.0,,1,1,4,0,2026-07-01 00:00:00,124.88,,False,0.0,3
p15741372,C049499,芭比布朗,BOBBI BROWN,BOBBI BROWN芭比波朗炙戀精油唇蜜#7自然美力6 ml,134,245.0,5.5,111.0,,1,1,4,0,2026-07-01 00:00:00,124.88,,False,0.0,3
p15737319,C048149,湯姆福特,TOM FORD,TOM FORD 柔霧緞采唇膏 【細黑管】0.12OZ  / 3.5ml24 MAROCAIN,268,490.0,5.5,222.0,266.0,1,1,3,0,2026-07-01 00:00:00,249.76,,False,0.0,3
p15821454,C102751,芭比布朗,BOBBI BROWN,BOBBI BROWN芭比波朗持妆无痕遮瑕蜜WARM BEIGE-8ML,174,315.0,5.5,141.0,172.0,1,1,8,0,2026-07-01 00:00:00,162.16,,False,0.0,3
p15869029,C009393,倩碧,CLINIQUE,Clinique倩碧淨顏潔膚水200ml,119,215.0,5.5,96.0,117.0,1,1,4,0,2026-07-01 00:00:00,110.9,,False,0.0,3
p15821454,C102751,芭比布朗,BOBBI BROWN,BOBBI BROWN芭比波朗持妆无痕遮瑕蜜WARM BEIGE-8ML,174,315.0,5.5,141.0,172.0,1,1,8,0,2026-07-01 00:00:00,162.16,,False,0.0,3
p15885183,C115741,魅可,MAC,MAC魅可霧面修容-深色 DEEP GOLDEN,237,430.0,5.5,193.0,235.0,1,1,1,0,2026-07-01 00:00:00,220.87,,False,0.0,3
p15793235,C101273,雅诗兰黛,ESTEE LAUDER,ESTEE LAUDER雅詩蘭黛智妍緊塑精華眼霜 15ml,359,650.0,5.5,291.0,357.0,18,18,100+,0,2026-07-01 00:00:00,334.56,,False,0.0,3
p15869029,C009393,倩碧,CLINIQUE,Clinique倩碧淨顏潔膚水200ml,119,215.0,5.5,96.0,117.0,1,1,4,0,2026-07-01 00:00:00,110.9,,False,0.0,3
p15885157,C116266,魅可,MAC,MAC魅可輕羽纖密睫毛膏,172,315.0,5.5,143.0,170.0,1,1,1,0,2026-07-01 00:00:00,160.29,,False,0.0,3
p15893910,C118048,歐緹麗,CAUDALIE,Caudalie歐緹麗葡萄籽抗氧身體防曬噴霧-SPF30-150ML,171,310.0,5.5,139.0,169.0,1,1,1,0,2026-07-01 00:00:00,159.36,,False,0.0,3
p15885157,C116266,魅可,MAC,MAC魅可輕羽纖密睫毛膏,172,315.0,5.5,143.0,170.0,1,1,1,0,2026-07-01 00:00:00,160.29,,False,0.0,3
p15792895,C031676,魅可,MAC,MAC魅可柔霧腮紅 6g,163,295.0,5.5,132.0,,1,1,7,0,2026-07-01 00:00:00,151.9,,False,0.0,3
p15894213,C118147,伊麗莎白·雅頓,ELIZABETH ARDEN,Elizabeth Arden伊莉莎白雅頓亮澤彈力霜50ml,341,620.0,5.5,279.0,339.0,2,2,3,0,2026-07-01 00:00:00,317.79,,False,0.0,3
p15792895,C031676,魅可,MAC,MAC魅可柔霧腮紅 6g,163,295.0,5.5,132.0,,1,1,7,0,2026-07-01 00:00:00,151.9,,False,0.0,3
p15792968,C049347,魅可,MAC,MAC魅可時尚焦點小眼影2G 1.5g,61,110.0,5.5,49.0,59.0,2,2,2,0,2026-07-01 00:00:00,56.85,,False,0.0,3
p15741818,C049496,芭比布朗,BOBBI BROWN,BOBBI BROWN芭比波朗炙戀精油唇蜜#4裸色粉紅6 ml,134,245.0,5.5,111.0,,2,2,9,0,2026-07-01 00:00:00,124.88,,False,0.0,3
p15736808,C033983,芭比布朗,BOBBI BROWN,BOBBI BROWN芭比波朗濃魅大眼睫毛膏黑色10 ml,168,305.0,5.5,137.0,166.0,2,2,6,0,2026-07-01 00:00:00,156.56,,False,0.0,3
p15736708,C030078,祖玛珑,JO MALONE LONDON,JO MALONE祖·瑪瓏黑石榴香水30毫升,348,630.0,5.5,282.0,346.0,2,2,1,0,2026-07-01 00:00:00,324.31,,False,0.0,3
p15736808,C033983,芭比布朗,BOBBI BROWN,BOBBI BROWN芭比波朗濃魅大眼睫毛膏黑色10 ml,168,305.0,5.5,137.0,166.0,2,2,6,0,2026-07-01 00:00:00,156.56,,False,0.0,3
p15824798,C102811,雅詩蘭黛,ESTEE LAUDER,ESTEE LAUDER雅詩蘭黛沁水養膚粉底液30ml,287,520.0,5.5,233.0,285.0,18,18,100+,0,2026-07-01 00:00:00,267.46,,False,0.0,3
p15742735,C043385,祖玛珑,JO MALONE LONDON,JO MALONE祖·瑪瓏香水(藍風鈴香型)30ML,348,630.0,5.5,282.0,346.0,6,6,32,30,2026-07-01 00:00:00,324.31,,False,0.0,3
p15893906,C118051,歐緹麗,CAUDALIE,Caudalie歐緹麗葡萄籽水保濕潤色CC霜-1-30ML,160,290.0,5.5,130.0,158.0,2,2,2,0,2026-07-01 00:00:00,149.11,,False,0.0,3
p15825386,C105355,伊麗莎白·雅頓,ELIZABETH ARDEN,Elizabeth伊麗莎白雅頓時空煥活清透修護膠囊精華液,208,378.0,5.5,170.0,206.0,1,1,4,0,2026-07-01 00:00:00,193.84,,False,0.0,3
p15870914,C115456,魅可,MAC,MAC魅可24HR KAJAL眼線筆Extreme Black (8g),69,125.0,5.5,56.0,67.0,1,1,6,0,2026-07-01 00:00:00,64.3,,False,0.0,3
p15764150,C036833,倩碧,CLINIQUE,CLINIQUE倩碧清爽控油粉餅 03 7.6g,163,295.0,5.5,132.0,161.0,2,2,1,0,2026-07-01 00:00:00,151.9,,False,0.0,3
p15739431,C043365,祖玛珑,JO MALONE LONDON,JO MALONE祖·瑪瓏香水(青檸羅勒與柑橘香型)30ml,344,630.0,5.5,286.0,342.0,2,2,16,0,2026-07-01 00:00:00,320.58,,False,0.0,3
p15809819,C105975,黛珂,DECORTE,DECORTE黛珂多重亮護素顏乳32ml,116,210.0,5.5,94.0,114.0,8,8,1000+,0,2026-07-01 00:00:00,108.1,,False,0.0,3
p15764044,C041310,芭比布朗,BOBBI BROWN,BOBBI BROWN芭比波朗純色奢金璀璨眼影銅光,180,330.0,5.5,150.0,,2,2,6,0,2026-07-01 00:00:00,167.75,,False,0.0,3
p15884722,C116121,魅可,MAC,MAC魅可絲柔啞光唇膏624 ACTING NATURAL暖色調-淺裸色調米色3.5g,104,190.0,5.5,86.0,102.0,1,1,2,0,2026-07-01 00:00:00,96.92,,False,0.0,3
p15889834,C117824,雪花秀,SULWHASOO,Sulwhasoo雪花秀第六代潤致煥活肌底精華液120ML,561,1020.0,5.5,459.0,559.0,18,18,57,0,2026-07-01 00:00:00,522.81,,False,0.0,3
p15875689,IN100389,自然堂,CHANDO,CHANDO自然堂喜馬拉雅茶泥淨顏清潔面膜(免稅店)100g*2支裝,137,249.0,5.5,112.0,135.0,2,2,10,0,2026-07-01 00:00:00,127.67,,False,0.0,3
p15877258,C115165,芭比布朗,BOBBI BROWN,Bobbi Brown芭比波朗錦繡風華四色眼影盤,336,610.0,5.5,274.0,334.0,2,2,1,0,2026-07-01 00:00:00,313.13,,False,0.0,3
p15882351,C116161,倩碧,CLINIQUE,Clinique倩碧潤膚乳-清爽型,204,370.0,5.5,166.0,202.0,2,2,2,0,2026-07-01 00:00:00,190.11,,False,0.0,3
p15893907,C118045,歐緹麗,CAUDALIE,Caudalie歐緹麗葡萄籽曬後修護乳-200ML,110,200.0,5.5,90.0,108.0,2,2,1,0,2026-07-01 00:00:00,102.51,,False,0.0,3
p15893907,C118045,歐緹麗,CAUDALIE,Caudalie歐緹麗葡萄籽曬後修護乳-200ML,110,200.0,5.5,90.0,108.0,2,2,1,0,2026-07-01 00:00:00,102.51,,False,0.0,3
p15891799,C114152,黛珂,DECORTE,DECORTE 黛珂-AQ-舒活耀白麵霜50ml,1133,2060.0,5.5,927.0,1131.0,1,1,1,0,2026-07-01 00:00:00,1055.87,,False,0.0,3
p15739431,C043365,祖玛珑,JO MALONE LONDON,JO MALONE祖·瑪瓏香水(青檸羅勒與柑橘香型)30ml,344,630.0,5.5,286.0,342.0,2,2,16,0,2026-07-01 00:00:00,320.58,,False,0.0,3
p15875291,C045105,魅可,MAC,MAC魅可定制柔雾保湿粉(饼盒),58,105.0,5.5,47.0,56.0,1,1,1,0,2026-07-01 00:00:00,54.05,,False,0.0,3
p15742856,C000952,伊麗莎白·雅頓,ELIZABETH ARDEN,Elizabeth Arden伊麗莎白雅頓綠茶蜜滴潤體霜,86,155.0,5.5,69.0,84.0,15,15,26,0,2026-07-01 00:00:00,80.15,,False,0.0,3
p15737332,C047982,祖玛珑,JO MALONE LONDON,JO MALONE祖·瑪瓏沐浴露(虞美人與大麥香型)250ml,224,405.0,5.5,181.0,222.0,10,10,15,30,2026-07-01 00:00:00,208.75,,False,0.0,3
p15735409,C047328,茵芙莎,IPSA,IPSA茵芙莎凝水保濕菁華露50g,209,380.0,5.5,171.0,207.0,2,2,21,5,2026-07-01 00:00:00,194.77,,False,0.0,3
p15740552,C049252,湯姆福特,TOM FORD,TOM FORD 奢金柔光粉底液 SPF50/PA++++ 30ML,572,1035.0,5.5,463.0,,1,1,18,0,2026-07-01 00:00:00,533.06,,False,0.0,3
p15877259,C115087,魅可,MAC,MAC魅可造型唇線筆/唇膏筆,82,150.0,5.5,68.0,80.0,1,1,8,0,2026-07-01 00:00:00,76.42,,False,0.0,3
p15737151,C030058,祖瑪瓏,JO MALONE LONDON,JO MALONE祖·瑪瓏柚子香水30毫升,348,630.0,5.5,282.0,346.0,10,10,11,0,2026-07-01 00:00:00,324.31,,False,0.0,3
p15743680,C053173,CLINIQUE,CLINIQUE (Beauty),CLINIQUE倩碧100 小時自我修護水嫩補濕啫喱75ML,276,500.0,5.5,224.0,274.0,12,12,31,5,2026-07-01 00:00:00,257.21,,False,0.0,3
p15740604,C050290,湯姆福特,TOM FORD,TOM FORD 奢金柔光粉 氣墊 SPF50/PA++++ （氣墊芯）12GM,306,555.0,5.5,249.0,304.0,8,8,30,0,2026-07-01 00:00:00,285.17,,False,0.0,3
p15845297,C105499,祖瑪瓏,JO MALONE LONDON,JO MALONE 祖 瑪瓏潤膚乳霜馥鬱系列（末藥與冬加豆香型）200ml,545,990.0,5.5,445.0,543.0,1,1,2,0,2026-07-01 00:00:00,507.9,,False,0.0,3
p15764514,C100703,汤姆福特,TOM FORD,TOM FORD湯姆福特柔霧緞采唇膏51 3.3g,270,490.0,5.5,220.0,268.0,1,1,10,0,2026-07-01 00:00:00,251.62,,False,0.0,3
p15736594,C053178,CLINIQUE,CLINIQUE (Beauty),CLINIQUE倩碧男士青春修護乳 100ml,221,400.0,5.5,179.0,219.0,9,9,2,0,2026-07-01 00:00:00,205.96,,False,0.0,3
p15743185,C053172,CLINIQUE,CLINIQUE (Beauty),CLINIQUE倩碧水嫩保濕潤膚霜 75ml,276,500.0,5.5,224.0,274.0,13,13,13,5,2026-07-01 00:00:00,257.21,,False,0.0,3
p15764597,C038493,魅可,MAC,MAC魅可 #129多用粉頰刷,243,440.0,5.5,197.0,,1,1,9,0,2026-07-01 00:00:00,226.46,,False,0.0,3
p15846943,C111132,魅可,MAC,MAC魅可絲柔啞光唇膏 3.5g,105,190.0,5.5,85.0,,20,20,22,0,2026-07-01 00:00:00,97.85,,False,0.0,3
p15737353,C026774,資生堂,SHISEIDO,SHISEIDO資生堂百優精純乳霜 75ML,449,815.0,5.5,366.0,447.0,2,2,41,5,2026-07-01 00:00:00,418.43,,False,0.0,3
p15737095,C100701,湯姆福特,TOM FORD,TOM FORD湯姆福特柔霧緞采唇膏52 3g【細黑管】,270,490.0,5.5,220.0,,26,26,34,0,2026-07-01 00:00:00,251.62,,False,0.0,3
p15877251,C115171,芭比布朗,BOBBI BROWN,Bobbi Brown芭比波朗密集菁華氣墊粉底液 SPF40 PA++++  12g,353,640.0,5.5,287.0,351.0,6,6,21,0,2026-07-01 00:00:00,328.97,,False,0.0,3
p15743654,C016887,倩碧,CLINIQUE,CLINIQUE倩碧基礎潤膚組合125ml x 2,246,450.0,5.5,204.0,244.0,20,20,63,0,2026-07-01 00:00:00,229.25,,False,0.0,3
p15737098,C100702,湯姆福特,TOM FORD,TOM FORD湯姆福特柔霧緞采唇膏50 3g,270,490.0,5.5,220.0,268.0,4,4,19,0,2026-07-01 00:00:00,251.62,,False,0.0,3
p15839476,C105951,祖瑪瓏,JO MALONE LONDON,JO MALONE祖瑪瓏香氛蠟燭(青檸羅勒與柑橘香型)600g,854,1555.0,5.5,701.0,852.0,1,1,3,0,2026-07-01 00:00:00,795.86,,False,0.0,3
p15736686,C023958,芭比波朗,BOBBI BROWN,BOBBI BROWN芭比波朗至盈呵護保濕護膚油30ml,425,770.0,5.5,345.0,423.0,4,4,19,0,2026-07-01 00:00:00,396.07,,False,0.0,3
p15886460,IN100132,可复美,可复美,可复美重組膠原蛋白肌禦賦活修護精粹水120mL,176,319.0,5.5,143.0,174.0,14,14,23,0,2026-07-01 00:00:00,164.02,,False,0.0,3
p15846925,C111263,芭比布朗,BOBBI BROWN,BOBBI BROWN芭比波朗光影無瑕遮瑕棒 3G,174,315.0,5.5,141.0,,4,4,22,0,2026-07-01 00:00:00,162.16,,False,0.0,3
p15738976,C043369,祖玛珑,JO MALONE LONDON,JO MALONE祖·瑪瓏橙花香水30ml,348,630.0,5.5,282.0,346.0,2,2,15,0,2026-07-01 00:00:00,324.31,,False,0.0,3
p15894211,C118144,伊麗莎白·雅頓,ELIZABETH ARDEN,Elizabeth Arden伊莉莎白雅頓綠茶開心果蜜滴身體乳,146,265.0,5.5,119.0,144.0,1,1,2,0,2026-07-01 00:00:00,136.06,,False,0.0,3
p15742417,C014421,CLINIQUE,CLINIQUE (Beauty),CLINIQUE倩碧明肌淨透水3號 400ml,174,315.0,5.5,141.0,172.0,1,1,18,0,2026-07-01 00:00:00,162.16,,False,0.0,3
p15866236,C112296,魅可,MAC,MAC魅可細緻雙頭眉筆,113,205.0,5.5,92.0,,6,6,56,0,2026-07-01 00:00:00,105.31,,False,0.0,3
p15736699,C024190,芭比布朗,BOBBI BROWN,BOBBI BROWN芭比波朗流雲隨心眼妝筆#1爵士黑0.35g,146,265.0,5.5,119.0,144.0,19,19,21,0,2026-07-01 00:00:00,136.06,,False,0.0,3
p15737370,C049495,芭比波朗,BOBBI BROWN,BOBBI BROWN芭比波朗炙戀精油唇蜜2號6 ml,135,245.0,5.5,110.0,,2,2,12,0,2026-07-01 00:00:00,125.81,,False,0.0,3
p15797181,C102779,芭比布朗,BOBBI BROWN,BOBBI BROWN芭比波朗持妝無痕遮瑕蜜-8ML,174,315.0,5.5,141.0,,9,9,39,0,2026-07-01 00:00:00,162.16,,False,0.0,3
p15801720,C102713,悦木之源,ORIGINS,ORIGINS悅木之源韋博士菇菌亮膚精華乳 50ml,364,660.0,5.5,296.0,362.0,7,7,8,0,2026-07-01 00:00:00,339.22,,False,0.0,3
p15831784,C046656,芭比布朗,BOBBI BROWN,BOBBI BROWN芭比波朗持久滋潤細金管唇膏,192,350.0,5.5,158.0,,2,2,43,0,2026-07-01 00:00:00,178.93,,False,0.0,3
p15736700,C029998,祖瑪瓏,JO MALONE LONDON,JO MALONE祖·瑪瓏潤膚乳霜175ML(黑莓與月桂葉香型),400,725.0,5.5,325.0,398.0,1,1,14,0,2026-07-01 00:00:00,372.77,,False,0.0,3
p15789334,C101065,蘭芝,LANEIGE,LANEIGE蘭芝水酷透明質酸嘭潤修護潤膚乳(清潤),143,260.0,5.5,117.0,141.0,1,1,16,0,2026-07-01 00:00:00,133.27,,False,0.0,3
p15782399,C102667,雅詩蘭黛,ESTEE LAUDER,ESTEE LAUDER雅詩蘭黛 第五代升級再生基因修復眼霜雙支裝15毫升,546,975.0,5.6,429.0,544.0,105,105,500+,0,2026-07-01 00:00:00,508.83,,False,0.0,3
p15828348,C105500,祖瑪瓏,JO MALONE LONDON,JO MALONE London祖瑪瓏滿室幽香香薰-絲絨玫瑰與烏木165ml,519,930.0,5.6,411.0,517.0,1,1,18,0,2026-07-01 00:00:00,483.67,,False,0.0,3
p15820029,C106092,魅可,MAC,MAC魅可輕羽纖密睫毛膏BLACK STACK 12ml,157,280.0,5.6,123.0,155.0,3,3,15,0,2026-07-01 00:00:00,146.31,,False,0.0,3
p15781911,C102719,雅詩蘭黛,ESTEE LAUDER,ESTEE LAUDER雅詩蘭黛 第五代升級再生基因修復眼霜15毫升,297,530.0,5.6,233.0,295.0,23,23,100+,0,2026-07-01 00:00:00,276.78,,False,0.0,3
p15824804,C101130,雅詩蘭黛,ESTEE LAUDER,ESTEE LAUDER雅詩蘭黛持妝防水眼線筆 1.2g,157,280.0,5.6,123.0,155.0,2,2,5,0,2026-07-01 00:00:00,146.31,,False,0.0,3
p15839239,C107293,巴黎歐萊雅,L'OREAL PARIS,L'OREAL歐萊雅複顏水光充盈柔膚水三支裝【有效期至：2027年2月】,174,310.0,5.6,136.0,,8,8,13,0,2026-07-01 00:00:00,162.16,,False,0.0,3
p15743568,C055022,蘭蔻,LANCOME,兰蔻肌底精华焕亮眼霜-15ML【有效期至：2027年2月】,312,560.0,5.6,248.0,,14,14,100+,0,2026-07-01 00:00:00,290.76,,False,0.0,3
p15824438,C102777,芭比布朗,BOBBI BROWN,BOBBI BROWN芭比波朗純色奢金緞光唇膏3.5g,189,350.0,5.6,161.0,,11,11,24,0,2026-07-01 00:00:00,176.13,,False,0.0,3
p15741057,C051263,雅詩蘭黛,ESTEE LAUDER,Estée Lauder雅詩蘭黛 Advanced Night Repair 特潤修護肌活精華露 100ml,835,1490.0,5.6,655.0,833.0,12,12,200+,0,2026-07-01 00:00:00,778.16,,False,0.0,3
p15738745,C055361,雅诗兰黛,ESTEE LAUDER,ESTEE LAUDER  雅詩蘭黛 Re-Nutriv Ultimate Lift Regenerating  Youth 白金級花菁萃緊顏眼部精華滋養霜 15ml,607,1075.0,5.6,468.0,605.0,1,1,33,5,2026-07-01 00:00:00,565.68,,False,0.0,3
p15736175,C009666,倩碧,CLINIQUE,CLINIQUE倩碧淨顏清爽保濕乳 50ml,157,280.0,5.6,123.0,155.0,3,3,2,0,2026-07-01 00:00:00,146.31,,False,0.0,3
p15844737,C105936,祖瑪瓏,JO MALONE LONDON,JO MALONE祖瑪瓏潤膚乳霜馥鬱系列 200ml,555,990.0,5.6,435.0,553.0,8,8,12,0,2026-07-01 00:00:00,517.22,,False,0.0,3
p15825599,C053165,倩碧,CLINIQUE,CLINIQUE倩碧勻淨科研亮白粉底液30ML,215,385.0,5.6,170.0,213.0,1,1,8,0,2026-07-01 00:00:00,200.36,,False,0.0,3
p15885776,C117821,科顏氏,KIEHL'S,Kiehl's科顏氏集煥亮舒緩乳液100ml【有效期至：2027年3月】,302,535.0,5.6,233.0,,3,3,13,0,2026-07-01 00:00:00,281.44,,False,0.0,3
p15741864,C051261,雅詩蘭黛,ESTEE LAUDER,ESTEE LAUDER  雅詩蘭黛 Advanced Night Repair 特潤修護肌活精華露 100ml兩支裝   100ml x 2,1501,2680.0,5.6,1179.0,1499.0,18,18,300+,0,2026-07-01 00:00:00,1398.82,,False,0.0,3
p15869475,C115147,赫蓮娜,HELENA RUBINSTEIN,HR/ 赫蓮娜至美琉光恒采密集煥顏精華液【有效期至：2027年3月】,2753,4950.0,5.6,2197.0,,4,4,3,0,2026-07-01 00:00:00,2565.59,,False,0.0,3
p15736751,C047074,赫蓮娜,HELENA RUBINSTEIN,HR赫蓮娜鐳射亮度瓷白精華液 30ML【有效期至：2027年3月】,1687,3030.0,5.6,1343.0,,3,3,12,0,2026-07-01 00:00:00,1572.16,,False,0.0,3
p15807383,C105454,植村秀,SHU UEMURA,shu uemura 植村秀無色限絹感唇釉PEACH MARTINI 5.6g【有效期至：2027年3月】,175,310.0,5.6,135.0,,3,3,4,0,2026-07-01 00:00:00,163.09,,False,0.0,3
p15736650,C024086,芭比布朗,BOBBI BROWN,BOBBI BROWN芭比波朗眼影刷,204,365.0,5.6,161.0,202.0,3,3,12,0,2026-07-01 00:00:00,190.11,,False,0.0,3
p15781910,C102716,雅诗兰黛,ESTEE LAUDER,ESTEE LAUDER雅詩蘭黛Advanced Night Repair升級再生基因修復眼面套裝50ml + 15ml,737,1315.0,5.6,578.0,735.0,6,6,47,0,2026-07-01 00:00:00,686.83,,False,0.0,3
p15735335,C022962,倩碧,CLINIQUE,CLINIQUE倩碧男士保濕爽膚水200ml,128,230.0,5.6,102.0,126.0,3,3,14,0,2026-07-01 00:00:00,119.29,,False,0.0,3
p15737157,C040286,芭比布朗,BOBBI BROWN,BOBBI BROWN芭比波朗至盈呵護亮顏美肌乳(素顏霜)璨香檳30ml,336,605.0,5.6,269.0,334.0,9,9,2,0,2026-07-01 00:00:00,313.13,,False,0.0,3
p15802041,C103056,魅可,MAC,MAC魅可絲緞絨霧細管唇膏16 2g,131,235.0,5.6,104.0,129.0,1,1,8,0,2026-07-01 00:00:00,122.08,,False,0.0,3
p15797588,C102728,祖瑪瓏,JO MALONE LONDON,JO MALONE London 祖瑪瓏紳士香水套裝,641,1130.0,5.7,489.0,639.0,1,1,6,0,2026-07-01 00:00:00,597.36,,False,0.0,3
p15865819,C105947,祖瑪瓏,JO MALONE LONDON,JO MALONE祖瑪瓏香氛蠟燭 英國梨與小蒼蘭香型 2100G,2095,3670.0,5.7,1575.0,2093.0,1,1,1,0,2026-07-01 00:00:00,1952.38,,False,0.0,3
p15830832,C107917,汤姆福特,TOM FORD,TOM FORD湯姆福特濃香水(絕慕盛華香型) 100ml,1052,1835.0,5.7,783.0,1050.0,1,1,1,0,2026-07-01 00:00:00,980.39,,False,0.0,3
p15810804,C105487,祖瑪瓏,JO MALONE LONDON,JO MALONE祖瑪瓏香水馥鬱系列-烏木與佛手柑香型-50ML,662,1165.0,5.7,503.0,660.0,2,2,8,0,2026-07-01 00:00:00,616.94,,False,0.0,3
p15736330,C056639,芭比布朗,BOBBI BROWN,BOBBI BROWN  芭比波朗至盈呵護豐潤眼霜 15ml,435,760.0,5.7,325.0,433.0,1,1,33,0,2026-07-01 00:00:00,405.39,,False,0.0,3
p15794720,C103298,巴黎歐萊雅,L'OREAL PARIS,L'OREAL Paris歐萊雅多重防護隔離露 65ml【有效期至：2027年3月】,195,345.0,5.7,150.0,,8,8,17,0,2026-07-01 00:00:00,181.73,,False,0.0,3
p15735495,C030050,祖瑪瓏,JO MALONE LONDON,JO MALONE祖·瑪瓏青檸羅勒葉與柑橘香水100毫升,743,1315.0,5.7,572.0,741.0,2,2,4,0,2026-07-01 00:00:00,692.42,,False,0.0,3
p15736701,C024071,芭比波朗,BOBBI BROWN,BOBBI BROWN芭比波朗修容,253,445.0,5.7,192.0,251.0,2,2,9,0,2026-07-01 00:00:00,235.78,,False,0.0,3
p15810804,C105487,祖瑪瓏,JO MALONE LONDON,JO MALONE祖瑪瓏香水馥鬱系列-烏木與佛手柑香型-50ML,662,1165.0,5.7,503.0,660.0,2,2,8,0,2026-07-01 00:00:00,616.94,,False,0.0,3
p15743671,C053171,倩碧,CLINIQUE,"CLINIQUE倩碧滋潤高效水嫩保濕套裝125ml, 30ml, 15ml",408,710.0,5.7,302.0,406.0,5,5,15,30,2026-07-01 00:00:00,380.23,,False,0.0,3
p15737276,C043353,祖瑪瓏,JO MALONE LONDON,JO MALONE祖·瑪瓏鼠尾草與海鹽+青檸羅勒與柑橘香氛,644,1135.0,5.7,491.0,642.0,1,1,4,0,2026-07-01 00:00:00,600.16,,False,0.0,3
p15889827,C115465,儀式,RITUALS,RITUALS櫻花儀式藤條香薰,203,355.0,5.7,152.0,201.0,2,2,40,0,2026-07-01 00:00:00,189.18,,False,0.0,3
p15809669,C105483,祖瑪瓏,JO MALONE LONDON,JO MALONE LONDON 祖瑪瓏古龍水-緋紅虞美人-100ML,956,1675.0,5.7,719.0,954.0,1,1,6,0,2026-07-01 00:00:00,890.92,,False,0.0,3
p15796910,C101223,祖瑪瓏,JO MALONE LONDON,JO MALONE祖瑪瓏滿室幽香香薰-橙花香型-165ML,437,770.0,5.7,333.0,435.0,2,2,29,0,2026-07-01 00:00:00,407.25,,False,0.0,3
p15844302,C111187,魅可,MAC,MAC魅可定制鎏金粉底液30ml,221,385.0,5.7,164.0,,13,13,71,0,2026-07-01 00:00:00,205.96,,False,0.0,3
p15737802,C037813,魅可,MAC,MAC魅可啞光唇膏/口紅 3g,105,185.0,5.7,80.0,103.0,8,8,7,0,2026-07-01 00:00:00,97.85,,False,0.0,3
p15871372,C115258,祖瑪瓏,JO MALONE LONDON,JO MALONE LONDON祖瑪瓏香水馥鬱系列（無垢木與雪松香型）,662,1165.0,5.7,503.0,660.0,3,3,7,0,2026-07-01 00:00:00,616.94,,False,0.0,3
p15830846,C107916,湯姆福特,TOM FORD,TOM FORD湯姆福特濃香水(啡縈珍瑰香型) 100ml,1052,1835.0,5.7,783.0,1050.0,1,1,2,0,2026-07-01 00:00:00,980.39,,False,0.0,3
p15810803,C105484,祖瑪瓏,JO MALONE LONDON,JO MALONE祖瑪瓏古龍水-絲絨玫瑰與烏木-50ML,662,1165.0,5.7,503.0,660.0,2,2,11,0,2026-07-01 00:00:00,616.94,,False,0.0,3
p15764368,C100913,祖瑪瓏,JO MALONE LONDON,JO MALONE祖·瑪瓏香水(月光花香型)100ml,757,1315.0,5.8,558.0,755.0,5,5,8,0,2026-07-01 00:00:00,705.47,,False,0.0,3
p15893778,C116490,庭潤,THANN,THANN庭潤東方精華護手霜40G,94,162.0,5.8,68.0,92.0,8,8,7,0,2026-07-01 00:00:00,87.6,,False,0.0,3
p15821710,C106514,紀梵希,Givenchy,GIVENCHY紀梵希黑能臻萃潔面乳 125ml,482,830.0,5.8,348.0,480.0,1,1,7,0,2026-07-01 00:00:00,449.19,,False,0.0,3
p15871387,C115153,雅詩蘭黛,ESTEE LAUDER,ESTEE LAUDER雅詩蘭黛特潤修護夜間煥能精華霜膜65ML,557,960.0,5.8,403.0,555.0,5,5,30,0,2026-07-01 00:00:00,519.08,,False,0.0,3
p15884987,C116221,雅詩蘭黛,ESTEE LAUDER,Estée Lauder雅詩蘭黛遮瑕筆1C 12ml,210,365.0,5.8,155.0,208.0,1,1,2,0,2026-07-01 00:00:00,195.7,,False,0.0,3
p15848029,C111311,海蓝之谜,LA MER,LA MER海藍之謎煥活保濕噴霧-100ML,443,765.0,5.8,322.0,441.0,12,12,88,0,2026-07-01 00:00:00,412.84,,False,0.0,3
p15743107,C030067,祖瑪瓏,JO MALONE LONDON,JO MALONE祖·瑪瓏藍風鈴香水 100ml  C030067,757,1315.0,5.8,558.0,755.0,2,2,14,0,2026-07-01 00:00:00,705.47,,False,0.0,3
p15871390,C111123,雅詩蘭黛,ESTEE LAUDER,ESTEE LAUDER雅詩蘭黛專研精華-100ML*2,2019,3485.0,5.8,1466.0,2017.0,2,2,25,0,2026-07-01 00:00:00,1881.56,,False,0.0,3
p15809339,C105485,祖瑪瓏,JO MALONE LONDON,JO MALONE LONDON 祖瑪瓏古龍水-晚香玉與天使草古龍-100ML,975,1675.0,5.8,700.0,973.0,4,4,5,0,2026-07-01 00:00:00,908.63,,False,0.0,3
p15740572,C043364,祖瑪瓏,JO MALONE LONDON,JO MALONE祖·瑪瓏香水(青檸羅勒與柑橘香型)100ml,757,1315.0,5.8,558.0,755.0,9,9,21,30,2026-07-01 00:00:00,705.47,,False,0.0,3
p15881995,C116211,倩碧,CLINIQUE,Clinique美白祛斑精華露雙支裝 (100ml x 2),1436,2475.0,5.8,1039.0,1434.0,15,15,28,0,2026-07-01 00:00:00,1338.25,,False,0.0,3
p15739981,C043360,祖瑪瓏,JO MALONE LONDON,JO MALONE祖·瑪瓏香水(牡丹胭紅麂絨香型)100ml,757,1315.0,5.8,558.0,755.0,5,5,3,0,2026-07-01 00:00:00,705.47,,False,0.0,3
p15738248,C044695,蘭蔻,LANCOME,LANCOME蘭蔻輕透水漾防曬乳 50ml,456,785.0,5.8,329.0,454.0,50,50,100+,30,2026-07-01 00:00:00,424.96,,False,0.0,3
p15737838,C030079,祖瑪瓏,JO MALONE LONDON,JO MALONE祖·瑪瓏黑石榴香水100毫升,757,1315.0,5.8,558.0,755.0,4,4,9,0,2026-07-01 00:00:00,705.47,,False,0.0,3
p15743631,C044738,海藍之謎,LA MER,LA MER海藍之謎修護唇霜9g 舒緩乾燥 淡化唇紋保濕,375,645.0,5.8,270.0,373.0,41,41,200+,0,2026-07-01 00:00:00,349.47,,False,0.0,3
p15865183,C105964,祖瑪瓏,JO MALONE LONDON,JO MALONE祖瑪瓏香水馥鬱系列 緋紅虞美人香型 100ML,975,1675.0,5.8,700.0,973.0,1,1,3,0,2026-07-01 00:00:00,908.63,,False,0.0,3
p15736991,C101027,庭潤,THANN,THANN庭潤茉莉水潤護手霜 40g,126,217.0,5.8,91.0,124.0,10,10,1,0,2026-07-01 00:00:00,117.42,,False,0.0,3
p15764815,C101251,雅詩蘭黛,ESTEE LAUDER,Estee Lauder 雅詩蘭黛櫻花版微精華露雙支裝,984,1685.0,5.8,701.0,982.0,10,10,55,0,2026-07-01 00:00:00,917.02,,False,0.0,3
p15740572,C043364,祖瑪瓏,JO MALONE LONDON,JO MALONE祖·瑪瓏香水(青檸羅勒與柑橘香型)100ml,757,1315.0,5.8,558.0,755.0,9,9,21,30,2026-07-01 00:00:00,705.47,,False,0.0,3
p15738289,C045371,庭潤,THANN,THANN庭潤米萃取護唇膏  10g,90,155.0,5.8,65.0,88.0,10,10,10,0,2026-07-01 00:00:00,83.87,,False,0.0,3
p15845680,C105057,雅詩蘭黛,ESTEE LAUDER,Estee Lauder極緻鑽亮修護粉底霜,653,1125.0,5.8,472.0,651.0,5,5,29,0,2026-07-01 00:00:00,608.55,,False,0.0,3
p15858580,C112098,喬治阿瑪尼,GIORGIO ARMANI,GIORGIO ARMANI阿瑪尼「大師」鎖光粉底液 幹皮保濕細膩服帖,385,655.0,5.9,270.0,383.0,10,10,82,0,2026-07-01 00:00:00,358.79,,False,0.0,3
p15831816,C108165,聖羅蘭,YSL BEAUTY,YSL 聖羅蘭NEW MASC香水,504,850.0,5.9,346.0,502.0,2,2,11,0,2026-07-01 00:00:00,469.69,,False,0.0,3
p15743178,C054746,聖羅蘭,YSL,YSL聖羅蘭細管純口紅 小金條1966  2.2G,230,390.0,5.9,160.0,228.0,4,4,45,0,2026-07-01 00:00:00,214.34,,False,0.0,3
p15825998,C107473,蘭蔻,LANCOME,LANCOME蘭蔻精准造型眉筆-07號 6g,157,265.0,5.9,108.0,155.0,1,1,3,0,2026-07-01 00:00:00,146.31,,False,0.0,3
p15883660,C117430,喬治阿瑪尼,GIORGIO ARMANI,Giorgio Armani阿瑪尼紅管緞光唇釉-15（4ml）,224,380.0,5.9,156.0,222.0,2,2,1,0,2026-07-01 00:00:00,208.75,,False,0.0,3
p15782315,C101393,聖羅蘭,YSL,YSL  聖羅蘭細管絲絨純口紅  2g,230,390.0,5.9,160.0,228.0,1,1,32,0,2026-07-01 00:00:00,214.34,,False,0.0,3
p15848032,C111308,海藍之謎,LA MER,LA MER海藍之謎醒膚水-200ML,576,970.0,5.9,394.0,574.0,23,23,93,0,2026-07-01 00:00:00,536.79,,False,0.0,3
p15870911,C111119,雅詩蘭黛,ESTEE LAUDER,ESTEE LAUDER雅詩蘭黛專研精華-100ML,1134,1935.0,5.9,801.0,1132.0,2,2,6,0,2026-07-01 00:00:00,1056.8,,False,0.0,3
p15863600,C113078,植村秀,SHU UEMURA,SHU UEMURA植村秀絹感潤護水光唇釉,186,315.0,5.9,129.0,184.0,5,5,12,0,2026-07-01 00:00:00,173.34,,False,0.0,3
p15872929,C115501,植村秀,SHU UEMURA,SHU UEMURA植村秀絹感柔霧唇膏 KM,186,315.0,5.9,129.0,184.0,3,3,1,0,2026-07-01 00:00:00,173.34,,False,0.0,3
p15792877,C100963,雅詩蘭黛,ESTEE LAUDER,ESTEE LAUDER雅詩蘭黛智妍緊塑精華乳霜 75ml,640,1090.0,5.9,450.0,638.0,35,35,400+,5,2026-07-01 00:00:00,596.43,,False,0.0,3
p15737412,C049145,聖羅蘭,YSL,YSL聖羅蘭自由之水濃香水 30ML,535,900.0,5.9,365.0,533.0,2,2,17,30,2026-07-01 00:00:00,498.58,,False,0.0,3
p15743242,C040275,蘭蔻,LANCOME,LANCOME蘭蔻空氣輕墊持妝輕透粉底盒（外盒）,59,100.0,5.9,41.0,57.0,1,1,,0,2026-07-01 00:00:00,54.98,,False,0.0,3
p15739229,C041661,雅诗兰黛,ESTEE LAUDER,ESTEE LAUDER  雅詩蘭黛 Re-Nutriv Ultimate Diamond 極緻黑鑽柔亮面霜 50ml,2738,4645.0,5.9,1907.0,2736.0,3,3,3,5,2026-07-01 00:00:00,2551.61,,False,0.0,3
p15867669,C114245,植村秀,SHU UEMURA,SHU UEMURA植村秀羽紗潤養流光精華粉底液35 ml,332,565.0,5.9,233.0,330.0,30,30,100+,0,2026-07-01 00:00:00,309.4,,False,0.0,3
p15735572,C045063,蘭蔻,LANCOME,LANCOME蘭蔻柔皙亮白防曬乳 50ml,462,785.0,5.9,323.0,460.0,52,52,42,0,2026-07-01 00:00:00,430.55,,False,0.0,3
p15735297,C000818,碧歐泉,BIOTHERM,BIOTHERM 碧歐泉活泉手霜 100ml,132,225.0,5.9,93.0,,1,1,5,0,2026-07-01 00:00:00,123.01,,False,0.0,3
p15743242,C040275,蘭蔻,LANCOME,LANCOME蘭蔻空氣輕墊持妝輕透粉底盒（外盒）,59,100.0,5.9,41.0,57.0,1,1,,0,2026-07-01 00:00:00,54.98,,False,0.0,3
p15849740,C111737,資生堂,SHISEIDO,SHISEIDO資生堂男士潔面爽膚兩部曲,241,410.0,5.9,169.0,239.0,10,10,51,0,2026-07-01 00:00:00,224.59,,False,0.0,3
p15848021,C110720,倩碧,CLINIQUE,CLINIQUE倩碧銀管滋潤唇膏-PINK-HONEY-1.9G,100,170.0,5.9,70.0,98.0,1,1,9,0,2026-07-01 00:00:00,93.19,,False,0.0,3
p15742737,C016694,海藍之謎,LA MER,LA MER海藍之謎精華面霜 30ml補水保濕 深澈滋潤 柔嫩潤澤,1069,1805.0,5.9,736.0,1067.0,9,9,63,5,2026-07-01 00:00:00,996.23,,False,0.0,3
p15737153,C040445,湯姆福特,TOM FORD,TOM FORD 奢迷皮草香水50ML/1.7FLOZ,1421,2400.0,5.9,979.0,1419.0,1,1,4,0,2026-07-01 00:00:00,1324.27,,False,0.0,3
p15848021,C110720,倩碧,CLINIQUE,CLINIQUE倩碧銀管滋潤唇膏-PINK-HONEY-1.9G,100,170.0,5.9,70.0,98.0,1,1,9,0,2026-07-01 00:00:00,93.19,,False,0.0,3
p15869520,C114023,蘭蔻,LANCOME,Lancome 蘭蔻防曬-50ML,471,785.0,6.0,314.0,469.0,1,1,11,0,2026-07-01 00:00:00,438.94,,False,0.0,3
p15793923,C103088,碧歐泉,BIOTHERM (Beauty),BIOTHERM碧歐泉活泉潤透爽膚水 400ml,221,370.0,6.0,149.0,219.0,1,1,11,0,2026-07-01 00:00:00,205.96,,False,0.0,3
p15831428,C107506,喬治阿瑪尼,GIORGIO ARMANI-香化,GIORGIO ARMANI 阿瑪尼密碼男士淡香水 125ml,470,785.0,6.0,315.0,468.0,1,1,16,0,2026-07-01 00:00:00,438.01,,False,0.0,3
p15891088,C119090,聖羅蘭,YSL,YSL 聖羅蘭黑管啞光唇釉-237,234,390.0,6.0,156.0,232.0,1,1,1,0,2026-07-01 00:00:00,218.07,,False,0.0,3
p15735615,C039619,碧歐泉,BIOTHERM (Beauty),BIOTHERM  碧歐泉男士淨膚細緻爽膚水 200ml,230,385.0,6.0,155.0,228.0,1,1,7,0,2026-07-01 00:00:00,214.34,,False,0.0,3
p15764532,C025185,植村秀,SHU UEMURA,shu uemura植村秀假睫毛柔軟型 1pcs,66,110.0,6.0,44.0,64.0,1,1,2,0,2026-07-01 00:00:00,61.51,,False,0.0,3
p15741325,C026536,聖羅蘭,YSL,YSL聖羅蘭妍活青春粉底液 B20 30ML,388,650.0,6.0,262.0,386.0,18,18,89,0,2026-07-01 00:00:00,361.59,,False,0.0,3
p15825221,C107407,巴黎歐萊雅,L'OREAL PARIS,L'OREAL 歐萊雅金致臻顏修護霜兩支裝--抗皺緊致,302,505.0,6.0,203.0,300.0,14,14,94,5,2026-07-01 00:00:00,281.44,,False,0.0,3
p15867672,C114279,蘭蔻,LANCOME,LANCOME蘭蔻全新菁純柔潤水唇釉,215,360.0,6.0,145.0,213.0,3,3,6,0,2026-07-01 00:00:00,200.36,,False,0.0,3
p15849737,C111439,植村秀,SHU UEMURA,SHU UEMURA植村秀臻萃養膚潔顏油限定版,215,360.0,6.0,145.0,213.0,9,9,59,0,2026-07-01 00:00:00,200.36,,False,0.0,3
p15849736,C111450,巴黎歐萊雅,L'OREAL PARIS,L'OREAL歐萊雅金致臻顏花蜜奢養化妝水-130ML,165,275.0,6.0,110.0,163.0,7,7,21,0,2026-07-01 00:00:00,153.77,,False,0.0,3
p15797610,C103935,科顏氏,KIEHL'S,Kiehl's 科顏氏高保濕霜補充裝 150ml,364,610.0,6.0,246.0,362.0,29,29,100+,5,2026-07-01 00:00:00,339.22,,False,0.0,3
p15851482,C111026,海藍之謎,LA MER,LA MER海藍之謎沁潤型精華凝霜 60ml,1998,3310.0,6.0,1312.0,1996.0,17,17,67,0,2026-07-01 00:00:00,1861.99,,False,0.0,3
p15942682,C121486,植村秀,SHU UEMURA,SHU UEMURA植村秀絹感潤護裸感唇膏 RD168,189,315.0,6.0,126.0,,1,1,1,0,2026-07-01 00:00:00,176.13,,False,0.0,3
p15809679,C105745,雅诗兰黛,ESTEE LAUDER,Estee Lauder 雅詩蘭黛白金級奢寵蘊能黑鑽奢華乳霜-50ML 雕琢輪廓 | 逆揚生 | 熠透鑽光,2792,4645.0,6.0,1853.0,2790.0,1,1,12,5,2026-07-01 00:00:00,2601.94,,False,0.0,3
p15826124,C107286,科顏氏,KIEHL'S,Kiehl's科顏氏柔潤防曬隔離乳-60ML-SPF50,344,575.0,6.0,231.0,342.0,14,14,48,0,2026-07-01 00:00:00,320.58,,False,0.0,3
p15738140,C035369,碧歐泉,BIOTHERM (Beauty),BIOTHERM 碧歐泉男士水動力清爽保濕凝露 200ml,174,290.0,6.0,116.0,172.0,2,2,26,0,2026-07-01 00:00:00,162.16,,False,0.0,3
p15739624,C026537,聖羅蘭,YSL,YSL聖羅蘭妍活青春粉底液 BR20 30ML,388,650.0,6.0,262.0,386.0,7,7,65,0,2026-07-01 00:00:00,361.59,,False,0.0,3
p15743113,C016695,海藍之謎,LA MER,LA MER海藍之謎精華面霜 60ml 補水保濕 深澈滋潤 柔嫩潤澤,1998,3310.0,6.0,1312.0,1996.0,38,38,100+,5,2026-07-01 00:00:00,1861.99,,False,0.0,3
p15736644,C100192,聖羅蘭,YSL BEAUTY,YSL聖羅蘭 自由之水清版淡香水 90ML,936,1560.0,6.0,624.0,934.0,1,1,4,0,2026-07-01 00:00:00,872.28,,False,0.0,3
p15738794,C100958,聖羅蘭,YSL BEAUTY,YSL聖羅蘭聖羅蘭夜皇后眼霜20ml,448,750.0,6.0,302.0,446.0,2,2,42,0,2026-07-01 00:00:00,417.5,,False,0.0,3
p15871567,C114047,蘭蔻,LANCOME,LANCOME蘭蔻柔霧腮紅-02,236,395.0,6.0,159.0,234.0,2,2,11,0,2026-07-01 00:00:00,219.93,,False,0.0,3
p15858209,C112569,聖羅蘭,YSL,YSL聖羅蘭銀圓管光澤唇膏 15,227,380.0,6.0,153.0,225.0,3,3,18,0,2026-07-01 00:00:00,211.55,,False,0.0,3
p15828357,C107658,肌膚之鑰,CLE DE PEAU BEAUTE,CPB肌膚之鑰立體緊顏精華乳-N-40ml,1380,2300.0,6.0,920.0,,6,6,71,0,2026-07-01 00:00:00,1286.06,,False,0.0,3
p15738562,C037328,植村秀,SHU UEMURA,shu uemura 植村秀55號粉底刷,299,500.0,6.0,201.0,297.0,1,1,8,0,2026-07-01 00:00:00,278.65,,False,0.0,3
p15809346,C105744,海藍之謎,LA MER,LA MER 海藍之謎調理煥膚液-100ML,762,1270.0,6.0,508.0,760.0,12,12,65,0,2026-07-01 00:00:00,710.13,,False,0.0,3
p15741438,C034425,雅詩蘭黛,ESTEE LAUDER,ESTEE LAUDER  雅詩蘭黛 Advanced Night Repair 肌透修護密集精華眼膜 8 pa,462,770.0,6.0,308.0,460.0,11,11,68,30,2026-07-01 00:00:00,430.55,,False,0.0,3
p15782299,C102481,聖羅蘭,YSL BEAUTY,YSL聖羅蘭先鋒男士淡香水 100ml,626,1040.0,6.0,414.0,624.0,1,1,10,0,2026-07-01 00:00:00,583.39,,False,0.0,3
p15919643,C120354,魅可,MAC,MAC魅可空氣唇蜜三支裝,234,390.0,6.0,156.0,,1,1,2,0,2026-07-01 00:00:00,218.07,,False,0.0,3
p15919643,C120354,魅可,MAC,MAC魅可空氣唇蜜三支裝,234,390.0,6.0,156.0,,1,1,2,0,2026-07-01 00:00:00,218.07,,False,0.0,3
p15868121,C114272,聖羅蘭,YSL,YSL聖羅蘭敢愛光耀釉光唇膏3.2G,227,380.0,6.0,153.0,225.0,1,1,22,0,2026-07-01 00:00:00,211.55,,False,0.0,3
p15742143,C053783,植村秀,SHU UEMURA,shu uemura植村秀如膠似漆眼線筆 墨黑0.08g,156,260.0,6.0,104.0,154.0,16,16,62,0,2026-07-01 00:00:00,145.38,,False,0.0,3
p15871571,C115543,蘭蔻,LANCOME,LANCOME蘭蔻全新菁純絲絨霧面唇膏3.4g,215,360.0,6.0,145.0,213.0,10,10,29,0,2026-07-01 00:00:00,200.36,,False,0.0,3
p15739614,C056735,祖玛珑,JO MALONE LONDON,JO MALONE祖·瑪瓏香水(銀樺與薰衣草香型)30ml,378,630.0,6.0,252.0,376.0,3,3,4,0,2026-07-01 00:00:00,352.27,,False,0.0,3
p15865720,C112568,蘭蔻,LANCOME,LANCOME蘭蔻淨澈煥膚亮白霜,467,780.0,6.0,313.0,465.0,12,12,50,5,2026-07-01 00:00:00,435.21,,False,0.0,3
p15735268,C045062,蘭蔻,LANCOME,LANCOME蘭蔻輕透修顏乳 BB1 50ml,470,785.0,6.0,315.0,468.0,13,13,25,0,2026-07-01 00:00:00,438.01,,False,0.0,3
p15848007,C111457,蘭蔻,LANCOME,LANCOME蘭蔻黑金臻寵潤養眼霜-15ML,1893,3155.0,6.0,1262.0,1891.0,3,3,8,0,2026-07-01 00:00:00,1764.14,,False,0.0,3
p15764505,C100849,CLINIQUE,CLINIQUE (Beauty),CLINIQUE倩碧水嫩保濕柔膚水 200ml,174,290.0,6.0,116.0,172.0,15,15,29,0,2026-07-01 00:00:00,162.16,,False,0.0,3
p15848007,C111457,蘭蔻,LANCOME,LANCOME蘭蔻黑金臻寵潤養眼霜-15ML,1893,3155.0,6.0,1262.0,1891.0,3,3,8,0,2026-07-01 00:00:00,1764.14,,False,0.0,3
p15876950,C107406,巴黎歐萊雅,L'OREAL PARIS,L'OREAL歐萊雅複顏日霜 50ml,120,200.0,6.0,80.0,,4,4,16,0,2026-07-01 00:00:00,111.83,,False,0.0,3
p15919468,C120303,湯姆福特,TOM FORD,TOM FORD湯姆福特雪映流光香水,1101,1835.0,6.0,734.0,,3,3,4,0,2026-07-01 00:00:00,1026.05,,False,0.0,3
p15884184,C111065,巴黎歐萊雅,L'OREAL PARIS,L'oreal歐萊雅複顏滋潤保濕護膚套裝,507,845.0,6.0,338.0,,30,30,79,0,2026-07-01 00:00:00,472.49,,False,0.0,3
p15742880,C055454,肌膚之鑰,CLE DE PEAU BEAUTE,CPB 肌膚之鑰琉金柔霧唇膏114號 SPLENDOROUS  4g,288,480.0,6.0,192.0,,2,2,5,0,2026-07-01 00:00:00,268.39,,False,0.0,3
p15825265,C107274,喬治阿瑪尼,GIORGIO ARMANI-香化,GIORGIO ARMANI阿瑪尼印記濃香水-75ML,588,980.0,6.0,392.0,586.0,2,2,2,0,2026-07-01 00:00:00,547.97,,False,0.0,3
p15819757,C106255,倩碧,CLINIQUE (Beauty),CLINIQUE倩碧水嫩保濕舒潤凝霜 50ml*2,366,610.0,6.0,244.0,364.0,4,4,8,5,2026-07-01 00:00:00,341.08,,False,0.0,3
p15943011,C121490,植村秀,SHU UEMURA,SHU UEMURA植村秀絹感潤護水光唇釉 PK377,186,310.0,6.0,124.0,,2,2,,0,2026-07-01 00:00:00,173.34,,False,0.0,3
p15794727,C103404,喬治阿瑪尼,GIORGIO ARMANI,GIORGIO ARMANI阿瑪尼紅管唇釉 311 6.5ml,227,380.0,6.0,153.0,225.0,2,2,1,0,2026-07-01 00:00:00,211.55,,False,0.0,3
p15742880,C055454,肌膚之鑰,CLE DE PEAU BEAUTE,CPB 肌膚之鑰琉金柔霧唇膏114號 SPLENDOROUS  4g,288,480.0,6.0,192.0,,2,2,5,0,2026-07-01 00:00:00,268.39,,False,0.0,3
p15795041,C103297,巴黎歐萊雅,L'OREAL PARIS,L'OREAL Paris歐萊雅多重防護隔離露兩支裝,379,635.0,6.0,256.0,377.0,8,8,21,0,2026-07-01 00:00:00,353.2,,False,0.0,3
p15876407,C116411,聖羅蘭,YSL,YSL聖羅蘭黑管鏡面唇釉,233,390.0,6.0,157.0,231.0,4,4,2,0,2026-07-01 00:00:00,217.14,,False,0.0,3
p15880153,C018863,蘭蔻,LANCOME,LANCOME蘭蔻夢寐睛靈防水睫毛膏 01 6.5ml,200,335.0,6.0,135.0,198.0,4,4,10,0,2026-07-01 00:00:00,186.39,,False,0.0,3
p15880349,C042340,碧歐泉,BIOTHERM,BIOTHERM 碧歐泉護膚精華面膜 6片,347,580.0,6.0,233.0,345.0,6,6,7,0,2026-07-01 00:00:00,323.38,,False,0.0,3
p15830815,C106056,聖羅蘭,YSL,YSL聖羅蘭瑩亮潤彩唇膏,227,380.0,6.0,153.0,225.0,6,6,10,0,2026-07-01 00:00:00,211.55,,False,0.0,3
p15830815,C106056,聖羅蘭,YSL,YSL聖羅蘭瑩亮潤彩唇膏,227,380.0,6.0,153.0,225.0,6,6,10,0,2026-07-01 00:00:00,211.55,,False,0.0,3
p15735348,C035519,科顏氏,KIEHL'S,Kiehl's 科顏氏薑黃蔓越莓籽活力亮采面膜 100ml,245,410.0,6.0,165.0,243.0,6,6,33,0,2026-07-01 00:00:00,228.32,,False,0.0,3
p15805771,C104280,巴黎歐萊雅,L'OREAL PARIS,L'OREAL 歐萊雅夜間修護精華 30ml,215,360.0,6.0,145.0,213.0,7,7,31,0,2026-07-01 00:00:00,200.36,,False,0.0,3
p15797219,C102420,蘭蔻,LANCOME,LANCOME蘭蔻菁純臻顏精華粉底霜 110 35ml,726,1210.0,6.0,484.0,724.0,5,5,17,5,2026-07-01 00:00:00,676.58,,False,0.0,3
p15781830,C102484,蘭蔻,LANCOME,LANCOME蘭蔻亮眼青春活膚濃縮液 20ml,460,770.0,6.0,310.0,458.0,28,28,82,0,2026-07-01 00:00:00,428.69,,False,0.0,3
p15742936,C025029,科顏氏,KIEHL'S,Kiehl's 科顏氏男士活力潔面啫喱/洗面奶  250ml,165,275.0,6.0,110.0,163.0,17,17,100+,0,2026-07-01 00:00:00,153.77,,False,0.0,3
p15871386,C113731,芭比布朗,BOBBI BROWN,BOBBI BROWN芭比波朗純色奢金啞光唇霜,209,350.0,6.0,141.0,,5,5,16,0,2026-07-01 00:00:00,194.77,,False,0.0,3
p15795055,C102421,蘭蔻,LANCOME,LANCOME蘭蔻菁純臻顏精華粉底霜 100 35ml,726,1210.0,6.0,484.0,724.0,7,7,44,5,2026-07-01 00:00:00,676.58,,False,0.0,3
p15871545,C115233,魅可,MAC,MAC魅可定制鎏金遮瑕,168,280.0,6.0,112.0,166.0,7,7,13,0,2026-07-01 00:00:00,156.56,,False,0.0,3
p15781808,C102511,植村秀,SHU UEMURA,shu uemura植村秀滋養纖長睫毛膏 黑色 7g,171,285.0,6.0,114.0,169.0,5,5,4,0,2026-07-01 00:00:00,159.36,,False,0.0,3
p15741767,C041908,祖瑪瓏,JO MALONE LONDON,JO MALONE祖·瑪瓏香水（忍冬與印蒿香型）30ML,378,630.0,6.0,252.0,376.0,4,4,4,0,2026-07-01 00:00:00,352.27,,False,0.0,3
p15741767,C041908,祖瑪瓏,JO MALONE LONDON,JO MALONE祖·瑪瓏香水（忍冬與印蒿香型）30ML,378,630.0,6.0,252.0,376.0,4,4,4,0,2026-07-01 00:00:00,352.27,,False,0.0,3
p15884175,C117172,碧歐泉,BIOTHERM,Biotherm碧歐泉男士水動力保濕棒,177,295.0,6.0,118.0,175.0,5,5,3,0,2026-07-01 00:00:00,164.95,,False,0.0,3
p15742610,C016597,科顏氏,KIEHL'S,Kiehl's 科顏氏高保濕面霜125ml,364,610.0,6.0,246.0,362.0,20,20,200+,5,2026-07-01 00:00:00,339.22,,False,0.0,3
p15888658,C115851,資生堂,SHISEIDO,Shiseido資生堂盼麗風姿透白淡斑精華露50ml,768,1280.0,6.0,512.0,766.0,2,2,7,0,2026-07-01 00:00:00,715.72,,False,0.0,3
p15794727,C103404,喬治阿瑪尼,GIORGIO ARMANI,GIORGIO ARMANI阿瑪尼紅管唇釉 311 6.5ml,227,380.0,6.0,153.0,225.0,2,2,1,0,2026-07-01 00:00:00,211.55,,False,0.0,3
p15821472,C106462,科顏氏,KIEHL'S,Kiehl's科顏氏高保濕清爽潔面乳 150ml,135,225.0,6.0,90.0,133.0,17,17,68,0,2026-07-01 00:00:00,125.81,,False,0.0,3
p15739607,C057260,喬治阿瑪尼,GIORGIO ARMANI,GIORGIO ARMANI 阿瑪尼臻致絲絨啞光唇釉 214 6.5ml,228,380.0,6.0,152.0,226.0,20,20,16,0,2026-07-01 00:00:00,212.48,,False,0.0,3
p15795054,C055158,蘭蔻,LANCOME,LANCOME蘭蔻菁純臻顏防曬隔離乳 50ml（版）,732,1220.0,6.0,488.0,730.0,10,10,100+,0,2026-07-01 00:00:00,682.17,,False,0.0,3
p15739483,C057133,植村秀,SHU UEMURA,shu uemura植村秀植萃舒緩潔顏油 150ml,251,420.0,6.0,169.0,249.0,2,2,18,0,2026-07-01 00:00:00,233.91,,False,0.0,3
p15919473,C120299,湯姆福特,TOM FORD,Tom Ford湯姆福特雪映流光香水,819,1365.0,6.0,546.0,,2,2,6,0,2026-07-01 00:00:00,763.25,,False,0.0,3
p15743175,C055156,聖羅蘭,YSL,YSL聖羅蘭 自由之水清版淡香水 50ML,684,1140.0,6.0,456.0,682.0,6,6,12,0,2026-07-01 00:00:00,637.44,,False,0.0,3
p15919487,C121544,祖瑪瓏,JO MALONE LONDON,Jo Malone祖瑪瓏黃金大麥香氛蠟燭‌（200克/7盎司）‌,333,555.0,6.0,222.0,,2,2,2,0,2026-07-01 00:00:00,310.33,,False,0.0,3
p15737061,C044413,肌膚之鑰,CLE DE PEAU BEAUTE,CPB肌膚之鑰沁肌調理精華露170ml,450,750.0,6.0,300.0,,25,25,99,0,2026-07-01 00:00:00,419.37,,False,0.0,3
p15867667,C114026,蘭蔻,LANCOME,LANCOME蘭蔻輕透水漾防曬乳-兩件組50ml*2,867,1445.0,6.0,578.0,865.0,20,20,100+,0,2026-07-01 00:00:00,807.98,,False,0.0,3
p15769395,C102413,喬治阿瑪尼,GIORGIO ARMANI,GIORGIO ARMANI阿瑪尼持色潤澤唇膏 3.1g,227,380.0,6.0,153.0,225.0,2,2,8,0,2026-07-01 00:00:00,211.55,,False,0.0,3
p15894076,C112570,聖羅蘭,YSL,YSL聖羅蘭瑩亮純魅唇膏 12 3.2g,227,380.0,6.0,153.0,225.0,3,3,7,0,2026-07-01 00:00:00,211.55,,False,0.0,3
p15742974,C037848,理膚泉,LA ROCHE-POSAY,LA ROCHE POSAY理膚泉B5多效修復霜 100ML,144,240.0,6.0,96.0,,25,25,100+,5,2026-07-01 00:00:00,134.2,,False,0.0,3
p15741874,C052345,海蓝之谜,LA MER,LA MER海藍之謎鎏金煥顏夜間修護霜 50ml 強韌緊致飽滿,3939,6565.0,6.0,2626.0,3937.0,13,13,27,5,2026-07-01 00:00:00,3670.86,,False,0.0,3
p15741087,C048321,祖瑪瓏,JO MALONE LONDON,JO MALONE祖·瑪瓏護手霜牡丹與胭紅麂絨香型,159,265.0,6.0,106.0,157.0,6,6,40,0,2026-07-01 00:00:00,148.18,,False,0.0,3
p15738335,C055448,肌膚之鑰,CLE DE PEAU BEAUTE,CPB 肌膚之鑰琉金光緞唇膏 14 #Snapdragon 4g,288,480.0,6.0,192.0,,1,1,5,0,2026-07-01 00:00:00,268.39,,False,0.0,3
p15879658,C026741,蘭蔻,LANCOME,LANCOME蘭蔻廣角羽扇防暈染睫毛膏（天鵝頸睫毛膏）01 10ml,245,410.0,6.0,165.0,243.0,2,2,31,0,2026-07-01 00:00:00,228.32,,False,0.0,3
p15919618,C120268,芭比布朗,BOBBI BROWN,Bobbi Brown芭比波朗純色奢金緞光唇膏,210,350.0,6.0,140.0,,2,2,,0,2026-07-01 00:00:00,195.7,,False,0.0,3
p15919618,C120268,芭比布朗,BOBBI BROWN,Bobbi Brown芭比波朗純色奢金緞光唇膏,210,350.0,6.0,140.0,,2,2,,0,2026-07-01 00:00:00,195.7,,False,0.0,3
p15839629,C110074,巴黎歐萊雅,L'OREAL PARIS,L'OREAL歐萊雅複顏清乳柔膚水 130ml,126,210.0,6.0,84.0,124.0,2,2,8,0,2026-07-01 00:00:00,117.42,,False,0.0,3
p15919641,C120335,魅可,MAC,MAC魅可節日限定高光碟03,186,310.0,6.0,124.0,,2,2,,0,2026-07-01 00:00:00,173.34,,False,0.0,3
p15741282,C048323,祖瑪瓏,JO MALONE LONDON,JO MALONE祖·瑪瓏護手霜英國梨與小蒼蘭香型 50ml,159,265.0,6.0,106.0,157.0,1,1,78,0,2026-07-01 00:00:00,148.18,,False,0.0,3
p15825390,C107186,巴黎歐萊雅,L'OREAL PARIS,L'OREAL歐萊雅複顏水光充盈柔膚水-200ML,69,115.0,6.0,46.0,67.0,2,2,10,0,2026-07-01 00:00:00,64.3,,False,0.0,3
p15743700,C055891,植村秀,SHU UEMURA,shu uemura植村秀無色限絹感唇膏 KS BR784 3.3g,182,305.0,6.0,123.0,180.0,2,2,5,0,2026-07-01 00:00:00,169.61,,False,0.0,3
p15881533,C000278,蘭蔻,LANCOME,LANCOME蘭蔻奇跡濃香氛 50ml,578,965.0,6.0,387.0,576.0,1,1,4,0,2026-07-01 00:00:00,538.65,,False,0.0,3
p15919487,C121544,祖瑪瓏,JO MALONE LONDON,Jo Malone祖瑪瓏黃金大麥香氛蠟燭‌（200克/7盎司）‌,333,555.0,6.0,222.0,,2,2,2,0,2026-07-01 00:00:00,310.33,,False,0.0,3
p15781811,C102404,理膚泉,LA ROCHE-POSAY,LA ROCHE-POSAY  理膚泉特安修護安心霜 40ml,182,305.0,6.0,123.0,180.0,6,6,38,5,2026-07-01 00:00:00,169.61,,False,0.0,3
p15742390,C020093,科顏氏,KIEHL'S,Kiehl's 科顏氏夜間修護精華液 50ml,406,680.0,6.0,274.0,404.0,8,8,58,30,2026-07-01 00:00:00,378.36,,False,0.0,3
p15884179,C118030,聖羅蘭,YSL,YSL 聖羅蘭自由至上女士香水-淡香版 50ML,690,1150.0,6.0,460.0,688.0,2,2,6,0,2026-07-01 00:00:00,643.03,,False,0.0,3
p15742698,C021623,科顏氏,KIEHL'S,Kiehl's 科顏氏高保濕面霜 50ml,203,340.0,6.0,137.0,201.0,16,16,89,5,2026-07-01 00:00:00,189.18,,False,0.0,3
p15742525,C030015,祖瑪瓏,JO MALONE LONDON,JO MALONE祖·瑪瓏英國梨與小蒼蘭潤膚乳液  C030015,327,545.0,6.0,218.0,325.0,6,6,39,0,2026-07-01 00:00:00,304.74,,False,0.0,3
p15735743,C040187,理膚泉,LA ROCHE-POSAY,LA ROCHE POSAY理膚泉B5多效修復霜兩只裝 100ml*2,267,445.0,6.0,178.0,,63,63,300+,5,2026-07-01 00:00:00,248.82,,False,0.0,3
p15857263,C111432,聖羅蘭,YSL,YSL聖羅蘭悅享青春撫紋精華露 30ML,540,900.0,6.0,360.0,538.0,3,3,31,0,2026-07-01 00:00:00,503.24,,False,0.0,3
p15845716,C110609,海蓝之谜,LA MER,LA MER海藍之謎身體修護精華乳液160ml,927,1550.0,6.0,623.0,925.0,4,4,22,0,2026-07-01 00:00:00,863.9,,False,0.0,3
p15742741,C025152,科顏氏,KIEHL'S,Kiehl's 科顏氏一號潤唇膏15ML,72,120.0,6.0,48.0,70.0,24,24,200+,0,2026-07-01 00:00:00,67.1,,False,0.0,3
